Date,Adj Close,Close,High,Low,Open,Volume
2019-01-02,3.369281768798828,3.4054999351501465,3.4619998931884766,3.2512500286102295,3.2660000324249268,508752000
2019-01-03,3.165720224380493,3.1997499465942383,3.378999948501587,3.1922500133514404,3.344749927520752,705552000
2019-01-04,3.3685402870178223,3.404750108718872,3.4432499408721924,3.242500066757202,3.2734999656677246,585620000
2019-01-07,3.546873092651367,3.5850000381469727,3.6222500801086426,3.410749912261963,3.4625000953674316,709160000
2019-01-08,3.4585721492767334,3.4957499504089355,3.6695001125335693,3.422499895095825,3.667249917984009,786016000
2019-01-09,3.5265913009643555,3.564500093460083,3.6122500896453857,3.496500015258789,3.547499895095825,617260000
2019-01-10,3.5921361446380615,3.6307499408721924,3.6394999027252197,3.4839999675750732,3.5450000762939453,523156000
2019-01-11,3.6811792850494385,3.720750093460083,3.7437500953674316,3.5802500247955322,3.6082499027252197,874764000
2019-01-14,3.7210006713867188,3.760999917984009,3.7864999771118164,3.64424991607666,3.6679999828338623,730168000
2019-01-15,3.7069034576416016,3.7467501163482666,3.833750009536743,3.728250026702881,3.7939999103546143,617012000
2019-01-16,3.681427001953125,3.7209999561309814,3.807499885559082,3.7155001163482666,3.774250030517578,470104000
2019-01-17,3.7526605129241943,3.7929999828338623,3.833250045776367,3.660249948501587,3.6877501010894775,493436000
2019-01-18,3.881525754928589,3.9232499599456787,3.94950008392334,3.791249990463257,3.843250036239624,651336000
2019-01-22,3.679694890975952,3.719249963760376,3.9045000076293945,3.6887500286102295,3.8927500247955322,661552000
2019-01-23,3.6925570964813232,3.7322499752044678,3.864500045776367,3.7007501125335693,3.7750000953674316,591020000
2019-01-24,3.904033660888672,3.946000099182129,3.963749885559082,3.8127501010894775,3.817500114440918,708972000
2019-01-25,3.961169481277466,4.003749847412109,4.021999835968018,3.7825000286102295,3.885999917984009,1154572000
2019-01-28,3.413555860519409,3.4502499103546143,3.5409998893737793,3.2750000953674316,3.413749933242798,2511528000
2019-01-29,3.2550106048583984,3.2899999618530273,3.452500104904175,3.27524995803833,3.403749942779541,1153932000
2019-01-30,3.398221492767334,3.4347500801086426,3.4492499828338623,3.2864999771118164,3.3667500019073486,974228000
2019-01-31,3.555530548095703,3.59375,3.6297500133514404,3.4094998836517334,3.43149995803833,842852000
2019-02-01,3.5797693729400635,3.6182498931884766,3.6697499752044678,3.564500093460083,3.612499952316284,625048000
2019-02-04,3.6898367404937744,3.7295000553131104,3.7669999599456787,3.611999988555908,3.6342499256134033,528592000
2019-02-05,3.708881378173828,3.7487499713897705,3.785749912261963,3.7074999809265137,3.741499900817871,542424000
2019-02-06,3.784320592880249,3.825000047683716,3.890000104904175,3.776750087738037,3.782249927520752,702464000
2019-02-07,3.6463043689727783,3.685499906539917,3.7804999351501465,3.6422500610351562,3.778249979019165,637120000
2019-02-08,3.6648552417755127,3.7042500972747803,3.7149999141693115,3.603250026702881,3.6177499294281006,461604000
2019-02-11,3.622311592102051,3.661250114440918,3.7144999504089355,3.612499952316284,3.659749984741211,495180000
2019-02-12,3.7390573024749756,3.779249906539917,3.7950000762939453,3.685499906539917,3.700000047683716,591060000
2019-02-13,3.7813520431518555,3.822000026702881,3.895750045776367,3.7952499389648438,3.809000015258789,605372000
2019-02-14,3.822164297103882,3.8632500171661377,3.8917500972747803,3.7774999141693115,3.821000099182129,827264000
2019-02-15,3.891667127609253,3.933500051498413,4.096749782562256,3.9105000495910645,4.073750019073486,1516748000
2019-02-19,3.8743529319763184,3.9159998893737793,3.9972500801086426,3.9035000801086426,3.9227499961853027,551892000
2019-02-20,3.9215946197509766,3.963749885559082,4.031499862670898,3.9342501163482666,3.945499897003174,540988000
2019-02-21,3.8528339862823486,3.89424991607666,4.00124979019165,3.879499912261963,3.9765000343322754,448548000
2019-02-22,3.937424898147583,3.979749917984009,3.9987499713897705,3.9327499866485596,3.946500062942505,401740000
2019-02-25,3.925057888031006,3.967250108718872,4.131999969482422,3.9584999084472656,4.064000129699707,656020000
2019-02-26,3.885730743408203,3.927500009536743,4.019000053405762,3.893749952316284,3.9625000953674316,488464000
2019-02-27,3.843930959701538,3.8852500915527344,3.9397499561309814,3.8277499675750732,3.9130001068115234,500256000
2019-02-28,3.819417953491211,3.8564999103546143,3.8975000381469727,3.8340001106262207,3.875,324944000
2019-03-01,3.8736412525177,3.911250114440918,3.953749895095825,3.8480000495910645,3.906749963760376,357188000
2019-03-04,3.881812334060669,3.9195001125335693,3.9730000495910645,3.862499952316284,3.950000047683716,409992000
2019-03-05,3.8753740787506104,3.9130001068115234,3.9514999389648438,3.8489999771118164,3.903749942779541,362924000
2019-03-06,3.7646992206573486,3.8012499809265137,3.9124999046325684,3.7985000610351562,3.9040000438690186,403524000
2019-03-07,3.695620536804199,3.7314999103546143,3.78725004196167,3.684999942779541,3.7774999141693115,450104000
2019-03-08,3.7297887802124023,3.7660000324249268,3.776750087738037,3.619999885559082,3.6414999961853027,422416000
2019-03-11,3.989764451980591,4.028500080108643,4.051499843597412,3.7422499656677246,3.789750099182129,859728000
2019-03-12,4.023931980133057,4.063000202178955,4.109749794006348,3.979749917984009,4.05649995803833,579576000
2019-03-13,4.174964904785156,4.2154998779296875,4.244999885559082,4.093249797821045,4.100749969482422,768900000
2019-03-14,4.099202632904053,4.138999938964844,4.23675012588501,4.131249904632568,4.22475004196167,519384000
2019-03-15,4.204429626464844,4.245250225067139,4.288249969482422,4.178999900817871,4.182499885559082,661484000
2019-03-18,4.183135509490967,4.223750114440918,4.331250190734863,4.196499824523926,4.2769999504089355,486992000
2019-03-19,4.35051155090332,4.392749786376953,4.4375,4.302000045776367,4.318999767303467,854972000
2019-03-20,4.318075656890869,4.360000133514404,4.475749969482422,4.324999809265137,4.421999931335449,719148000
2019-03-21,4.554283142089844,4.598499774932861,4.625,4.3782501220703125,4.3832502365112305,824312000
2019-03-22,4.394830703735352,4.4375,4.619999885559082,4.423500061035156,4.571000099182129,747644000
2019-03-25,4.302725315093994,4.3445000648498535,4.461249828338623,4.277750015258789,4.396500110626221,525212000
2019-03-26,4.379234313964844,4.421750068664551,4.543749809265137,4.364999771118164,4.487249851226807,703508000
2019-03-27,4.370071887969971,4.412499904632568,4.4942498207092285,4.34250020980835,4.447500228881836,474372000
2019-03-28,4.38864278793335,4.431250095367432,4.497499942779541,4.377749919891357,4.43874979019165,480264000
2019-03-29,4.445834636688232,4.488999843597412,4.513500213623047,4.447750091552734,4.498499870300293,456896000
2019-04-01,4.51318359375,4.557000160217285,4.587500095367432,4.509250164031982,4.581500053405762,483824000
2019-04-02,4.531007766723633,4.574999809265137,4.619750022888184,4.538000106811523,4.581250190734863,440920000
2019-04-03,4.670159339904785,4.7154998779296875,4.775000095367432,4.619999885559082,4.625,783504000
2019-04-04,4.661243915557861,4.706500053405762,4.7492499351501465,4.643249988555908,4.699999809265137,457376000
2019-04-05,4.727846622467041,4.773749828338623,4.791250228881836,4.713250160217285,4.75,481744000
2019-04-08,4.748645305633545,4.794750213623047,4.820000171661377,4.71875,4.743000030517578,424192000
2019-04-09,4.686005115509033,4.731500148773193,4.772250175476074,4.689000129699707,4.761000156402588,439972000
2019-04-10,4.756322860717773,4.802499771118164,4.828499794006348,4.726250171661377,4.73075008392334,444772000
2019-04-11,4.742456912994385,4.78849983215332,4.836750030517578,4.738749980926514,4.804999828338623,374600000
2019-04-12,4.704575061798096,4.750249862670898,4.831500053405762,4.741499900817871,4.827499866485596,471708000
2019-04-15,4.573100566864014,4.617499828338623,4.747499942779541,4.577499866485596,4.742499828338623,440092000
2019-04-16,4.660006523132324,4.705249786376953,4.724249839782715,4.624000072479248,4.6570000648498535,394964000
2019-04-17,4.637228012084961,4.682250022888184,4.761499881744385,4.659749984741211,4.740499973297119,351004000
2019-04-18,4.6127166748046875,4.65749979019165,4.723249912261963,4.629499912261963,4.689000129699707,380988000
2019-04-22,4.666443824768066,4.711750030517578,4.727499961853027,4.6020002365112305,4.633749961853027,279936000
2019-04-23,4.720916271209717,4.766749858856201,4.798250198364258,4.715250015258789,4.724999904632568,346856000
2019-04-24,4.73329496383667,4.779250144958496,4.820250034332275,4.716000080108643,4.777249813079834,318204000
2019-04-25,4.627819061279297,4.672749996185303,4.761250019073486,4.59250020980835,4.738749980926514,499296000
2019-04-26,4.4094414710998535,4.452250003814697,4.522250175476074,4.332499980926514,4.517749786376953,868988000
2019-04-29,4.440141201019287,4.483250141143799,4.511250019073486,4.387499809265137,4.460249900817871,391920000
2019-04-30,4.4814910888671875,4.525000095367432,4.550749778747559,4.43149995803833,4.45074987411499,362920000
2019-05-01,4.468367099761963,4.511750221252441,4.620250225067139,4.511499881744385,4.577750205993652,354280000
2019-05-02,4.535714626312256,4.579750061035156,4.6217498779296875,4.478000164031982,4.521500110626221,394684000
2019-05-03,4.531257629394531,4.575250148773193,4.598249912261963,4.51324987411499,4.588250160217285,336824000
2019-05-06,4.45301628112793,4.496250152587891,4.508500099182129,4.349999904632568,4.387499809265137,422176000
2019-05-07,4.286137580871582,4.327750205993652,4.447500228881836,4.279250144958496,4.447500228881836,555220000
2019-05-08,4.306192398071289,4.3480000495910645,4.428750038146973,4.288000106811523,4.300000190734863,419168000
2019-05-09,4.213839054107666,4.254749774932861,4.288249969482422,4.135000228881836,4.278500080108643,660248000
2019-05-10,4.1799187660217285,4.2204999923706055,4.289750099182129,4.099999904632568,4.223750114440918,569500000
2019-05-13,3.9231607913970947,3.961250066757202,4.110750198364258,3.9452500343322754,4.087500095367432,656912000
2019-05-14,4.012048244476318,4.051000118255615,4.08650016784668,3.962249994277954,4.00124979019165,524880000
2019-05-15,3.951138496398926,3.989500045776367,4.026249885559082,3.9352500438690186,3.994999885559082,502320000
2019-05-16,3.966242551803589,4.004749774932861,4.047749996185303,3.9412500858306885,3.9839999675750732,781088000
2019-05-17,3.875622034072876,3.913249969482422,4.092750072479248,3.873500108718872,3.9625000953674316,1022068000
2019-05-20,3.757270574569702,3.793750047683716,3.8692500591278076,3.768749952316284,3.8137500286102295,572064000
2019-05-21,3.8392250537872314,3.876499891281128,3.8924999237060547,3.815999984741211,3.8550000190734863,361848000
2019-05-22,3.768413543701172,3.805000066757202,3.8637499809265137,3.7939999103546143,3.8375000953674316,325868000
2019-05-23,3.6475861072540283,3.683000087738037,3.7422499656677246,3.6227500438690186,3.7422499656677246,591844000
2019-05-24,3.593857765197754,3.6287500858306885,3.737499952316284,3.621999979019165,3.7019999027252197,357584000
2019-05-28,3.548795700073242,3.583250045776367,3.679500102996826,3.581249952316284,3.6465001106262207,428356000
2019-05-29,3.4747633934020996,3.508500099182129,3.570499897003174,3.4735000133514404,3.535249948501587,559800000
2019-05-30,3.4482409954071045,3.477750062942505,3.543750047683716,3.4392499923706055,3.5077500343322754,394300000
2019-05-31,3.3577656745910645,3.3864998817443848,3.4962499141693115,3.3847498893737793,3.428499937057495,389720000
2019-06-03,3.31612229347229,3.3445000648498535,3.4367499351501465,3.315000057220459,3.397749900817871,478644000
2019-06-04,3.5446667671203613,3.575000047683716,3.5802500247955322,3.3867499828338623,3.4089999198913574,641836000
2019-06-05,3.502031087875366,3.5320000648498535,3.654750108718872,3.495500087738037,3.649250030517578,511616000
2019-06-06,3.5640008449554443,3.5945000648498535,3.6192500591278076,3.533750057220459,3.536250114440918,408140000
2019-06-07,3.606635808944702,3.637500047683716,3.671999931335449,3.581249952316284,3.6005001068115234,348856000
2019-06-10,3.6792643070220947,3.710750102996826,3.779750108718872,3.694000005722046,3.694000005722046,402780000
2019-06-11,3.736771821975708,3.768749952316284,3.809000015258789,3.7290000915527344,3.7709999084472656,383872000
2019-06-12,3.6239874362945557,3.6549999713897705,3.731250047683716,3.6397500038146973,3.7249999046325684,358892000
2019-06-13,3.6750502586364746,3.7065000534057617,3.7249999046325684,3.6594998836517334,3.6772499084472656,308080000
2019-06-14,3.5853183269500732,3.615999937057495,3.6372499465942383,3.571000099182129,3.6127500534057617,394428000
2019-06-17,3.5949857234954834,3.6257500648498535,3.6630001068115234,3.591249942779541,3.6142499446868896,276040000
2019-06-18,3.7895700931549072,3.822000026702881,3.8777499198913574,3.676500082015991,3.6875,581920000
2019-06-19,3.7955195903778076,3.828000068664551,3.86899995803833,3.8017499446868896,3.8575000762939453,331644000
2019-06-20,3.8198115825653076,3.8524999618530273,3.9332499504089355,3.8380000591278076,3.919250011444092,350168000
2019-06-21,3.761807680130005,3.7939999103546143,3.88700008392334,3.7874999046325684,3.8375000953674316,434428000
2019-06-24,3.784116506576538,3.816499948501587,3.846250057220459,3.7679998874664307,3.815500020980835,282948000
2019-06-25,3.7548677921295166,3.7869999408721924,3.8970000743865967,3.784250020980835,3.821500062942505,311868000
2019-06-26,3.947716236114502,3.9814999103546143,4.043000221252441,3.902250051498413,3.915250062942505,584072000
2019-06-27,4.046126842498779,4.080749988555908,4.099999904632568,4.031499862670898,4.067749977111816,445440000
2019-06-28,4.070913791656494,4.10575008392334,4.134250164031982,4.058750152587891,4.125,397668000
2019-07-01,4.119000434875488,4.154250144958496,4.348750114440918,4.116499900817871,4.3142499923706055,709756000
2019-07-02,4.021335601806641,4.055749893188477,4.158750057220459,4.042500019073486,4.137499809265137,400228000
2019-07-03,4.034225940704346,4.068749904632568,4.085000038146973,4.008500099182129,4.079249858856201,246636000
2019-07-05,3.971762180328369,4.0057501792907715,4.014500141143799,3.941999912261963,4.010000228881836,396552000
2019-07-08,3.896901845932007,3.9302499294281006,3.964750051498413,3.9000000953674316,3.9457499980926514,329788000
2019-07-09,3.8993804454803467,3.9327499866485596,3.9609999656677246,3.875,3.8877499103546143,342860000
2019-07-10,3.9675474166870117,4.001500129699707,4.0592498779296875,3.9625000953674316,3.9765000343322754,452076000
2019-07-11,4.121728420257568,4.1570000648498535,4.197999954223633,4.037499904632568,4.074999809265137,682560000
2019-07-12,4.154696464538574,4.190249919891357,4.261750221252441,4.184999942779541,4.184999942779541,506392000
2019-07-15,4.146268367767334,4.1817498207092285,4.227749824523926,4.153250217437744,4.21150016784668,289840000
2019-07-16,4.141556262969971,4.177000045776367,4.204249858856201,4.120999813079834,4.166749954223633,341444000
2019-07-17,4.20674991607666,4.24275016784668,4.249750137329102,4.149250030517578,4.178750038146973,348204000
2019-07-18,4.2184014320373535,4.254499912261963,4.317749977111816,4.196249961853027,4.2532501220703125,442192000
2019-07-19,4.175269603729248,4.210999965667725,4.299499988555908,4.204999923706055,4.293000221252441,344896000
2019-07-22,4.246659278869629,4.2829999923706055,4.296000003814697,4.224999904632568,4.232500076293945,315940000
2019-07-23,4.3542375564575195,4.391499996185303,4.393499851226807,4.3067498207092285,4.322500228881836,428176000
2019-07-24,4.428600788116455,4.4664998054504395,4.472249984741211,4.358500003814697,4.434999942779541,366236000
2019-07-25,4.297722339630127,4.334499835968018,4.4375,4.310999870300293,4.424749851226807,392700000
2019-07-26,4.3396124839782715,4.3767499923706055,4.423749923706055,4.36175012588501,4.36175012588501,274160000
2019-07-29,4.333416938781738,4.370500087738037,4.386750221252441,4.281750202178955,4.369500160217285,248160000
2019-07-30,4.349031925201416,4.386250019073486,4.398499965667725,4.3092498779296875,4.323750019073486,197772000
2019-07-31,4.182209491729736,4.2179999351501465,4.355500221252441,4.17549991607666,4.354499816894531,359416000
2019-08-01,4.088016510009766,4.123000144958496,4.319499969482422,4.070499897003174,4.228499889373779,421212000
2019-08-02,3.995558023452759,4.029749870300293,4.0995001792907715,3.9820001125335693,4.029749870300293,428348000
2019-08-05,3.737764358520508,3.7697501182556152,3.846250057220459,3.7225000858306885,3.8450000286102295,589156000
2019-08-06,3.776432991027832,3.8087499141693115,3.890749931335449,3.7607500553131104,3.8450000286102295,361272000
2019-08-07,3.814605712890625,3.847249984741211,3.859250068664551,3.7300000190734863,3.747499942779541,372560000
2019-08-08,3.922929525375366,3.9565000534057617,3.957750082015991,3.8475000858306885,3.905250072479248,309300000
2019-08-09,3.821794271469116,3.8545000553131104,3.918750047683716,3.8037500381469727,3.915250062942505,341816000
2019-08-12,3.7541229724884033,3.786250114440918,3.8545000553131104,3.7642500400543213,3.802000045776367,279200000
2019-08-13,3.868147373199463,3.901249885559082,3.947499990463257,3.745500087738037,3.784749984741211,351956000
2019-08-14,3.7199158668518066,3.7517499923706055,3.8237500190734863,3.707750082015991,3.8125,419880000
2019-08-15,3.6876909732818604,3.719249963760376,3.790750026702881,3.6847500801086426,3.770750045776367,477200000
2019-08-16,3.955152750015259,3.989000082015991,4.03849983215332,3.921999931335449,3.983750104904175,1007960000
2019-08-19,4.233272552490234,4.269499778747559,4.2855000495910645,4.086750030517578,4.103000164031982,815112000
2019-08-20,4.161139965057373,4.196750164031982,4.264500141143799,4.17549991607666,4.263999938964844,463188000
2019-08-21,4.244427680969238,4.280749797821045,4.336249828338623,4.241499900817871,4.26324987411499,427244000
2019-08-22,4.250624656677246,4.2870001792907715,4.333250045776367,4.247499942779541,4.290500164031982,303488000
2019-08-23,4.0265421867370605,4.060999870300293,4.264750003814697,4.040999889373779,4.210000038146973,568056000
2019-08-26,4.101153373718262,4.136250019073486,4.1645002365112305,4.097750186920166,4.140250205993652,318208000
2019-08-27,4.010677814483643,4.045000076293945,4.177499771118164,4.015500068664551,4.174749851226807,290968000
2019-08-28,4.000256061553955,4.0304999351501465,4.083499908447266,3.9749999046325684,4.014500141143799,255612000
2019-08-29,4.143672466278076,4.175000190734863,4.207499980926514,4.11899995803833,4.122499942779541,357976000
2019-08-30,4.1563262939453125,4.187749862670898,4.271500110626221,4.16949987411499,4.221499919891357,290616000
2019-09-03,4.0734543800354,4.104249954223633,4.147749900817871,4.081250190734863,4.114500045776367,296140000
2019-09-04,4.187343120574951,4.218999862670898,4.226500034332275,4.165249824523926,4.165249824523926,227728000
2019-09-05,4.45978307723999,4.493500232696533,4.499750137329102,4.320000171661377,4.321750164031982,695676000
2019-09-06,4.432736396789551,4.466249942779541,4.527249813079834,4.427999973297119,4.46999979019165,376976000
2019-09-09,4.478641033172607,4.512499809265137,4.5995001792907715,4.495999813079834,4.497499942779541,417524000
2019-09-10,4.545137405395508,4.579500198364258,4.606249809265137,4.469749927520752,4.479499816894531,352812000
2019-09-11,4.573671340942383,4.608250141143799,4.656750202178955,4.565000057220459,4.594250202178955,361512000
2019-09-12,4.572184085845947,4.606750011444092,4.710000038146973,4.598750114440918,4.65500020980835,327840000
2019-09-13,4.514370918273926,4.548500061035156,4.577000141143799,4.504499912261963,4.539750099182129,324592000
2019-09-16,4.471444129943848,4.505249977111816,4.539999961853027,4.462500095367432,4.4730000495910645,231832000
2019-09-17,4.492783069610596,4.526750087738037,4.531000137329102,4.465250015258789,4.51200008392334,223048000
2019-09-18,4.465737342834473,4.499499797821045,4.5355000495910645,4.412499904632568,4.519750118255615,258152000
2019-09-19,4.3903093338012695,4.423500061035156,4.52400016784668,4.412749767303467,4.505499839782715,245476000
2019-09-20,4.284855365753174,4.317249774932861,4.446249961853027,4.307000160217285,4.422500133514404,350244000
2019-09-23,4.338201999664307,4.370999813079834,4.416749954223633,4.31374979019165,4.317500114440918,249712000
2019-09-24,4.2808837890625,4.3132500648498535,4.432250022888184,4.277500152587891,4.402500152587891,317268000
2019-09-25,4.42231559753418,4.455749988555908,4.475500106811523,4.267749786376953,4.312749862670898,308432000
2019-09-26,4.400233268737793,4.433499813079834,4.454750061035156,4.38224983215332,4.446000099182129,234564000
2019-09-27,4.26177978515625,4.294000148773193,4.442500114440918,4.232999801635742,4.391499996185303,362056000
2019-09-30,4.319096088409424,4.351749897003174,4.361999988555908,4.28849983215332,4.320000171661377,186184000
2019-10-01,4.317359924316406,4.349999904632568,4.525000095367432,4.345250129699707,4.375,366008000
2019-10-02,4.293539524078369,4.326000213623047,4.340000152587891,4.2532501220703125,4.328000068664551,293372000
2019-10-03,4.498737812042236,4.532750129699707,4.539000034332275,4.300000190734863,4.33050012588501,450588000
2019-10-04,4.5151143074035645,4.54925012588501,4.578750133514404,4.4695000648498535,4.534999847412109,265524000
2019-10-07,4.573671340942383,4.608250141143799,4.708499908447266,4.60575008392334,4.614500045776367,480984000
2019-10-08,4.39750337600708,4.430749893188477,4.515999794006348,4.412499904632568,4.515999794006348,444436000
2019-10-09,4.483851909637451,4.517749786376953,4.567500114440918,4.479000091552734,4.507999897003174,292412000
2019-10-10,4.541417121887207,4.57574987411499,4.626999855041504,4.510250091552734,4.515500068664551,309124000
2019-10-11,4.614860534667969,4.649750232696533,4.733500003814697,4.641250133514404,4.660250186920166,446404000
2019-10-14,4.628259181976318,4.663249969482422,4.6842498779296875,4.609749794006348,4.640999794006348,200040000
2019-10-15,4.872413635253906,4.909249782562256,4.982250213623047,4.739999771118164,4.754000186920166,664124000
2019-10-16,4.818819046020508,4.855249881744385,4.980500221252441,4.84375,4.875,428944000
2019-10-17,4.820803165435791,4.857250213623047,4.945250034332275,4.802499771118164,4.900000095367432,263436000
2019-10-18,4.726516246795654,4.762249946594238,4.890500068664551,4.6875,4.857749938964844,307440000
2019-10-21,4.863481521606445,4.90024995803833,4.913750171661377,4.804999828338623,4.823999881744385,261868000
2019-10-22,4.853557109832764,4.890250205993652,5.0632500648498535,4.882500171661377,4.957499980926514,328720000
2019-10-23,4.840654373168945,4.8772501945495605,4.891499996185303,4.775750160217285,4.807750225067139,279916000
2019-10-24,4.884571552276611,4.921500205993652,4.955249786376953,4.884500026702881,4.918749809265137,232020000
2019-10-25,5.075130939483643,5.113500118255615,5.134500026702881,4.994750022888184,5.002500057220459,423092000
2019-10-28,5.130958557128906,5.169750213623047,5.222499847412109,5.127999782562256,5.15749979019165,330792000
2019-10-29,5.0349345207214355,5.072999954223633,5.16225004196167,5.053500175476074,5.155749797821045,211236000
2019-10-30,5.036920070648193,5.074999809265137,5.10575008392334,5.006499767303467,5.099999904632568,205960000
2019-10-31,4.987789154052734,5.0254998207092285,5.074999809265137,4.945250034332275,5.053999900817871,209732000
2019-11-01,5.026747226715088,5.0647501945495605,5.097249984741211,4.964749813079834,4.989999771118164,283640000
2019-11-04,5.223012924194336,5.262499809265137,5.275000095367432,5.123000144958496,5.146249771118164,376716000
2019-11-05,5.200928688049316,5.240250110626221,5.28849983215332,5.191999912261963,5.262249946594238,300868000
2019-11-06,5.151801109313965,5.1907501220703125,5.2417497634887695,5.102749824523926,5.216000080108643,269012000
2019-11-07,5.1694183349609375,5.208499908447266,5.292500019073486,5.16349983215332,5.277750015258789,280340000
2019-11-08,5.155523777008057,5.194499969482422,5.226250171661377,5.153749942779541,5.191500186920166,189100000
2019-11-11,5.1654462814331055,5.204500198364258,5.227749824523926,5.10699987411499,5.193749904632568,243436000
2019-11-12,5.200928688049316,5.240250110626221,5.296500205993652,5.207749843597412,5.243000030517578,283504000
2019-11-13,5.1751251220703125,5.214250087738037,5.236499786376953,5.147500038146973,5.208749771118164,300188000
2019-11-14,5.205394744873047,5.244750022888184,5.247000217437744,5.163000106811523,5.223249912261963,518080000
2019-11-15,5.066447734832764,5.104750156402588,5.29449987411499,5.015999794006348,5.242499828338623,1053628000
2019-11-18,5.267178535461426,5.307000160217285,5.333749771118164,5.094250202178955,5.097249984741211,574588000
2019-11-19,5.160734176635742,5.199749946594238,5.299499988555908,5.141250133514404,5.275750160217285,414564000
2019-11-20,5.239884853363037,5.2795000076293945,5.363749980926514,5.164000034332275,5.176750183105469,472588000
2019-11-21,5.215073108673096,5.254499912261963,5.330999851226807,5.232749938964844,5.275000095367432,288388000
2019-11-22,5.232688903808594,5.272250175476074,5.323999881744385,5.248499870300293,5.277249813079834,224100000
2019-11-25,5.4887542724609375,5.530250072479248,5.535250186920166,5.388000011444092,5.401000022888184,506476000
2019-11-26,5.384293556213379,5.425000190734863,5.517250061035156,5.418499946594238,5.512499809265137,385244000
2019-11-27,5.4190568923950195,5.455999851226807,5.50124979019165,5.429500102996826,5.466750144958496,215784000
2019-11-29,5.381810665130615,5.418499946594238,5.453499794006348,5.394499778747559,5.425000190734863,141556000
2019-12-02,5.195827484130859,5.231249809265137,5.425000190734863,5.216000080108643,5.411499977111816,372036000
2019-12-03,5.15634822845459,5.191500186920166,5.195499897003174,5.009250164031982,5.046750068664551,465232000
2019-12-04,5.200049877166748,5.235499858856201,5.297999858856201,5.20674991607666,5.2754998207092285,273424000
2019-12-05,5.183164596557617,5.218500137329102,5.273250102996826,5.187749862670898,5.257500171661377,184884000
2019-12-06,5.2683329582214355,5.3042497634887695,5.337250232696533,5.2779998779296875,5.288000106811523,232236000
2019-12-09,5.2683329582214355,5.3042497634887695,5.359250068664551,5.272500038146973,5.28125,211880000
2019-12-10,5.3132781982421875,5.3495001792907715,5.401500225067139,5.281499862670898,5.334499835968018,256388000
2019-12-11,5.396708011627197,5.433499813079834,5.439000129699707,5.357500076293945,5.360000133514404,233796000
2019-12-12,5.563819408416748,5.601749897003174,5.619999885559082,5.395500183105469,5.4045000076293945,404348000
2019-12-13,5.561832904815674,5.59975004196167,5.7245001792907715,5.545499801635742,5.604750156402588,454704000
2019-12-16,5.590636730194092,5.628749847412109,5.701499938964844,5.6192498207092285,5.647500038146973,320976000
2019-12-17,5.668605327606201,5.707250118255615,5.730000019073486,5.638000011444092,5.647500038146973,321196000
2019-12-18,5.698898792266846,5.737750053405762,5.798500061035156,5.733749866485596,5.742249965667725,343548000
2019-12-19,5.8466410636901855,5.886499881744385,5.900000095367432,5.767499923706055,5.772500038146973,445360000
2019-12-20,5.943728446960449,5.984250068664551,6.009749889373779,5.934000015258789,5.953249931335449,603044000
2019-12-23,5.930072784423828,5.9704999923706055,6.045249938964844,5.959750175476074,6.013000011444092,355060000
2019-12-24,5.925106525421143,5.9654998779296875,5.982749938964844,5.920499801635742,5.954999923706055,138864000
2019-12-26,5.9392619132995605,5.979750156402588,6.007999897003174,5.949999809265137,5.968999862670898,182852000
2019-12-27,5.881651401519775,5.921750068664551,6.008500099182129,5.895249843597412,5.994999885559082,254644000
2019-12-30,5.768672943115234,5.808000087738037,5.90500020980835,5.776500225067139,5.899750232696533,258056000
2019-12-31,5.842667579650879,5.882500171661377,5.892000198364258,5.7532501220703125,5.772500038146973,231004000
2020-01-02,5.9571380615234375,5.9977498054504395,5.9977498054504395,5.918000221252441,5.96875,237536000
2020-01-03,5.861786842346191,5.901750087738037,5.9457502365112305,5.852499961853027,5.877500057220459,205384000
2020-01-06,5.886370658874512,5.926499843597412,5.9317498207092285,5.781750202178955,5.808000087738037,262636000
2020-01-07,5.957634925842285,5.9982500076293945,6.044250011444092,5.909749984741211,5.954999923706055,314856000
2020-01-08,5.968808650970459,6.009500026702881,6.051000118255615,5.953750133514404,5.99399995803833,277108000
2020-01-09,6.034361839294434,6.075500011444092,6.148250102996826,6.021500110626221,6.096250057220459,255112000
2020-01-10,6.066641807556152,6.107999801635742,6.213749885559082,6.09375,6.1832499504089355,316296000
2020-01-13,6.256845951080322,6.299499988555908,6.324749946594238,6.168749809265137,6.191500186920166,319840000
2020-01-14,6.14014196395874,6.182000160217285,6.2820000648498535,6.168749809265137,6.256499767303467,359088000
2020-01-15,6.097680568695068,6.139249801635742,6.217249870300293,6.113249778747559,6.19474983215332,263104000
2020-01-16,6.1811113357543945,6.223249912261963,6.229249954223633,6.16949987411499,6.192999839782715,284192000
2020-01-17,6.189801216125488,6.23199987411499,6.25,6.1842498779296875,6.242499828338623,253792000
2020-01-21,6.156527996063232,6.198500156402588,6.232250213623047,6.164249897003174,6.195250034332275,217916000
2020-01-22,6.210411548614502,6.252749919891357,6.339749813079834,6.224999904632568,6.24399995803833,239240000
2020-01-23,6.278696060180664,6.321499824523926,6.329999923706055,6.203750133514404,6.293000221252441,244516000
2020-01-24,6.219598293304443,6.26200008392334,6.487500190734863,6.207499980926514,6.4375,373512000
2020-01-27,5.964339256286621,6.005000114440918,6.056250095367432,5.805749893188477,5.955999851226807,470536000
2020-01-28,6.157273292541504,6.199250221252441,6.231750011444092,6.017749786376953,6.071249961853027,310976000
2020-01-29,6.096935272216797,6.138500213623047,6.2210001945495605,6.098499774932861,6.184750080108643,258848000
2020-01-30,6.103639125823975,6.145249843597412,6.158750057220459,5.985000133514404,6.040249824523926,290504000
2020-01-31,5.8707275390625,5.910749912261963,6.111249923706055,5.868750095367432,6.099249839782715,370420000
2020-02-03,5.96756649017334,6.0082502365112305,6.027750015258789,5.886250019073486,5.892499923706055,255564000
2020-02-04,6.136415004730225,6.178249835968018,6.197500228881836,6.100500106811523,6.150750160217285,271544000
2020-02-05,6.226550102233887,6.269000053405762,6.309999942779541,6.1852498054504395,6.299749851226807,208220000
2020-02-06,6.3132100105285645,6.356249809265137,6.356249809265137,6.2220001220703125,6.303500175476074,218284000
2020-02-07,6.2471604347229,6.289750099182129,6.338250160217285,6.264249801635742,6.315999984741211,189752000
2020-02-10,6.529733657836914,6.574250221252441,6.574999809265137,6.307499885559082,6.3125,529608000
2020-02-11,6.651900768280029,6.697249889373779,6.8125,6.6207499504089355,6.683000087738037,638556000
2020-02-12,6.767363548278809,6.813499927520752,6.820000171661377,6.711249828338623,6.750249862670898,374644000
2020-02-13,6.72366189956665,6.769499778747559,6.836999893188477,6.727749824523926,6.755249977111816,528016000
2020-02-14,7.195695400238037,7.244750022888184,7.3742499351501465,7.150000095367432,7.18149995803833,1041924000
2020-02-18,7.364046573638916,7.414249897003174,7.432750225067139,7.121500015258789,7.140999794006348,620164000
2020-02-19,7.8142266273498535,7.867499828338623,7.885250091552734,7.53725004196167,7.53725004196167,694332000
2020-02-20,7.665244102478027,7.71750020980835,7.9079999923706055,7.408750057220459,7.819250106811523,810052000
2020-02-21,7.3019700050354,7.351749897003174,7.630000114440918,7.266499996185303,7.604750156402588,768180000
2020-02-24,6.785738945007324,6.831999778747559,7.046750068664551,6.699999809265137,6.754749774932861,856916000
2020-02-25,6.506890296936035,6.551249980926514,6.969749927520752,6.448999881744385,6.90749979019165,1055496000
2020-02-26,6.645942687988281,6.691249847412109,6.886250019073486,6.550000190734863,6.551499843597412,747732000
2020-02-27,6.275991439819336,6.315000057220459,6.675000190734863,6.222249984741211,6.372499942779541,906416000
2020-02-28,6.710042953491211,6.7517499923706055,6.811500072479248,6.044750213623047,6.061500072479248,1133252000
2020-03-02,6.8680620193481445,6.910749912261963,6.9397501945495605,6.525000095367432,6.922500133514404,890744000
2020-03-03,6.6061882972717285,6.647250175476074,7.026750087738037,6.561500072479248,6.966750144958496,652792000
2020-03-04,7.068813323974609,7.112750053405762,7.122250080108643,6.679999828338623,6.755000114440918,597408000
2020-03-05,6.790046691894531,6.832250118255615,7.079999923706055,6.787499904632568,6.912499904632568,540328000
2020-03-06,6.609916687011719,6.651000022888184,6.709750175476074,6.449999809265137,6.6519999504089355,515412000
2020-03-09,6.098097324371338,6.136000156402588,6.485000133514404,5.954500198364258,5.997499942779541,614160000
2020-03-10,6.486681938171387,6.5269999504089355,6.5269999504089355,6.149750232696533,6.41349983215332,580648000
2020-03-11,6.123687744140625,6.161749839782715,6.414999961853027,6.0642499923706055,6.386499881744385,499964000
2020-03-12,5.374344825744629,5.407750129699707,5.9029998779296875,5.394999980926514,5.636499881744385,816540000
2020-03-13,5.983807563781738,6.020999908447266,6.0254998207092285,5.490250110626221,5.762499809265137,634836000
2020-03-16,4.879670143127441,4.909999847412109,5.652500152587891,4.849999904632568,5.3102498054504395,726972000
2020-03-17,5.398198127746582,5.4317498207092285,5.521500110626221,4.775000095367432,5.022749900817871,833632000
2020-03-18,5.039178848266602,5.070499897003174,5.248499870300293,4.517000198364258,5.002500057220459,874268000
2020-03-19,5.291361331939697,5.324250221252441,5.41825008392334,4.834750175476074,5.048999786376953,765512000
2020-03-20,5.111975193023682,5.143750190734863,5.757999897003174,5.1282501220703125,5.474999904632568,804636000
2020-03-23,5.284404277801514,5.317249774932861,5.4120001792907715,4.9629998207092285,5.142749786376953,643876000
2020-03-24,6.191019058227539,6.229499816894531,6.316500186920166,5.701250076293945,5.724999904632568,1101644000
2020-03-25,6.102569103240967,6.140500068664551,6.545499801635742,6.0914998054504395,6.34499979019165,793432000
2020-03-26,6.391274452209473,6.431000232696533,6.555500030517578,6.25,6.348499774932861,696108000
2020-03-27,6.279221534729004,6.3182501792907715,6.578000068664551,6.2170000076293945,6.25,638828000
2020-03-30,6.598735332489014,6.639750003814697,6.64900016784668,6.339749813079834,6.383999824523926,602252000
2020-03-31,6.549293041229248,6.590000152587891,6.885000228881836,6.443749904632568,6.679999828338623,949960000
2020-04-01,6.039213180541992,6.076749801635742,6.538249969482422,6.0320000648498535,6.391250133514404,656912000
2020-04-02,6.347298622131348,6.386750221252441,6.400000095367432,6.057750225067139,6.105999946594238,675764000
2020-04-03,6.060082912445068,6.097750186920166,6.390749931335449,5.959750175476074,6.348999977111816,663212000
2020-04-06,6.668551445007324,6.710000038146973,6.747000217437744,6.323249816894531,6.38100004196167,727884000
2020-04-07,6.435748100280762,6.475749969482422,6.956250190734863,6.432499885559082,6.932499885559082,784520000
2020-04-08,6.632526397705078,6.673749923706055,6.698750019073486,6.514999866485596,6.585249900817871,542444000
2020-04-09,6.53314208984375,6.573750019073486,6.822999954223633,6.510499954223633,6.800000190734863,525564000
2020-04-13,6.704577445983887,6.746250152587891,6.755000114440918,6.425000190734863,6.513750076293945,398408000
2020-04-14,7.054900169372559,7.098750114440918,7.132999897003174,6.847249984741211,6.875,530948000
2020-04-15,6.977631092071533,7.020999908447266,7.104249954223633,6.884500026702881,6.929999828338623,366148000
2020-04-16,7.321990013122559,7.367499828338623,7.474999904632568,7.163750171661377,7.177000045776367,745620000
2020-04-17,7.262856960296631,7.308000087738037,7.471499919891357,7.173500061035156,7.449999809265137,539120000
2020-04-20,7.131922245025635,7.176249980926514,7.337500095367432,7.131750106811523,7.181000232696533,449388000
2020-04-21,6.696129322052002,6.737750053405762,7.1192498207092285,6.677750110626221,7.057750225067139,735160000
2020-04-22,7.109560012817383,7.153749942779541,7.196750164031982,6.885000228881836,6.930749893188477,483356000
2020-04-23,7.056390285491943,7.100249767303467,7.328499794006348,7.074999809265137,7.196000099182129,424160000
2020-04-24,7.195027828216553,7.239749908447266,7.2417497634887695,7.014999866485596,7.090000152587891,352328000
2020-04-27,7.3811235427856445,7.427000045776367,7.587500095367432,7.349999904632568,7.374750137329102,479388000
2020-04-28,7.2390055656433105,7.283999919891357,7.605000019073486,7.278500080108643,7.574999809265137,442904000
2020-04-29,7.415408611297607,7.46150016784668,7.514500141143799,7.34375,7.419250011444092,379160000
2020-04-30,7.261864185333252,7.307000160217285,7.46150016784668,7.293000221252441,7.407249927520752,375916000
2020-05-01,7.02583122253418,7.069499969482422,7.222499847412109,7.020999908447266,7.108749866485596,342096000
2020-05-04,7.237265586853027,7.282249927520752,7.296000003814697,7.021999835968018,7.021999835968018,317556000
2020-05-05,7.298137664794922,7.343500137329102,7.506750106811523,7.282249927520752,7.386750221252441,368896000
2020-05-06,7.398761749267578,7.44474983215332,7.550000190734863,7.385250091552734,7.423250198364258,323464000
2020-05-07,7.57466983795166,7.6217498779296875,7.6852498054504395,7.5329999923706055,7.584499835968018,373732000
2020-05-08,7.764242649078369,7.8125,7.818749904632568,7.659749984741211,7.693749904632568,339216000
2020-05-11,8.015679359436035,8.065500259399414,8.112500190734863,7.778749942779541,7.807499885559082,469060000
2020-05-12,7.754302501678467,7.802499771118164,8.172499656677246,7.792749881744385,8.123499870300293,493060000
2020-05-13,7.7319416999816895,7.78000020980835,8.078499794006348,7.594749927520752,7.917500019073486,625852000
2020-05-14,7.980895042419434,8.030500411987305,8.03600025177002,7.6875,7.841750144958496,602312000
2020-05-15,8.438302040100098,8.490750312805176,8.500499725341797,7.874000072479248,7.889750003814697,987660000
2020-05-18,8.696198463439941,8.750249862670898,8.916500091552734,8.680500030517578,8.760499954223633,774460000
2020-05-19,8.751108169555664,8.805500030517578,9.087499618530273,8.762749671936035,8.790249824523926,717320000
2020-05-20,8.914591789245605,8.970000267028809,9.043000221252441,8.888750076293945,8.991000175476074,587536000
2020-05-21,8.721041679382324,8.775250434875488,9.052499771118164,8.737500190734863,9.05150032043457,761068000
2020-05-22,8.970495223999023,9.026249885559082,9.093000411987305,8.713250160217285,8.825249671936035,1038764000
2020-05-26,8.663897514343262,8.71774959564209,9.181750297546387,8.67199993133545,9.156749725341797,770780000
2020-05-27,8.472588539123535,8.525250434875488,8.632749557495117,7.9967498779296875,8.625,1175892000
2020-05-28,8.434575080871582,8.487000465393066,8.760499954223633,8.379249572753906,8.412249565124512,734896000
2020-05-29,8.820673942565918,8.875499725341797,8.875499725341797,8.484999656677246,8.554499626159668,745256000
2020-06-01,8.751853942871094,8.806249618530273,8.840749740600586,8.689499855041504,8.833250045776367,389876000
2020-06-02,8.770733833312988,8.825249671936035,8.837249755859375,8.657999992370605,8.796250343322754,391320000
2020-06-03,8.715328216552734,8.769499778747559,8.866250038146973,8.699999809265137,8.822250366210938,365440000
2020-06-04,8.716325759887695,8.766500473022461,8.943249702453613,8.677499771118164,8.727999687194824,424280000
2020-06-05,8.868945121765137,8.920000076293945,8.996999740600586,8.708000183105469,8.794500350952148,481748000
2020-06-08,8.754605293273926,8.805000305175781,8.889749526977539,8.685750007629395,8.877249717712402,387736000
2020-06-09,8.99422550201416,9.045999526977539,9.109749794006348,8.751250267028809,8.800000190734863,468488000
2020-06-10,9.313138008117676,9.36674976348877,9.5,9.153499603271484,9.167750358581543,632180000
2020-06-11,8.745904922485352,8.796250343322754,9.261249542236328,8.78600025177002,9.149999618530273,583652000
2020-06-12,8.88137149810791,8.932499885559082,9.187250137329102,8.70324993133545,9.162500381469727,570908000
2020-06-15,9.12124252319336,9.173749923706055,9.182250022888184,8.743749618530273,8.815250396728516,400004000
2020-06-16,9.016595840454102,9.068499565124512,9.26675033569336,8.838749885559082,9.225000381469727,535716000
2020-06-17,9.183134078979492,9.236000061035156,9.298999786376953,9.070249557495117,9.113750457763672,408304000
2020-06-18,9.165238380432129,9.218000411987305,9.282500267028809,9.114500045776367,9.22700023651123,254408000
2020-06-19,9.208243370056152,9.261249542236328,9.444999694824219,9.227250099182129,9.242500305175781,524160000
2020-06-22,9.472222328186035,9.526749610900879,9.53125,9.273249626159668,9.300000190734863,398468000
2020-06-23,9.395912170410156,9.449999809265137,9.642499923706055,9.407500267028809,9.550999641418457,375108000
2020-06-24,9.182638168334961,9.23550033569336,9.556500434875488,9.144499778747559,9.476249694824219,449372000
2020-06-25,9.435684204101562,9.489999771118164,9.505000114440918,9.182250022888184,9.35575008392334,376072000
2020-06-26,9.10260009765625,9.154999732971191,9.5,9.125,9.5,592084000
2020-06-29,9.147343635559082,9.199999809265137,9.204500198364258,8.899999618530273,9.169750213623047,342248000
2020-06-30,9.443387985229492,9.497750282287598,9.526249885559082,9.266500473022461,9.314000129699707,367892000
2020-07-01,9.47545337677002,9.529999732971191,9.575750350952148,9.413000106811523,9.520750045776367,326648000
2020-07-02,9.557233810424805,9.612250328063965,9.737500190734863,9.57824993133545,9.638999938964844,364056000
2020-07-06,9.782934188842773,9.839249610900879,9.9087495803833,9.712499618530273,9.74174976348877,315892000
2020-07-07,9.815248489379883,9.871749877929688,10.069999694824219,9.850749969482422,9.946249961853027,357800000
2020-07-08,10.157527923583984,10.215999603271484,10.225000381469727,9.965499877929688,9.993749618530273,365480000
2020-07-09,10.448851585388184,10.508999824523926,10.569999694824219,10.233499526977539,10.380249977111816,494548000
2020-07-10,10.419269561767578,10.479249954223633,10.65524959564209,10.37874984741211,10.588749885559082,497676000
2020-07-13,9.994714736938477,10.052249908447266,10.79224967956543,10.024999618530273,10.595000267028809,457076000
2020-07-14,10.317605972290039,10.376999855041504,10.402750015258789,9.785499572753906,10.074999809265137,542676000
2020-07-15,10.16871166229248,10.227250099182129,10.432999610900879,10.055749893188477,10.414250373840332,403984000
2020-07-16,10.076742172241211,10.134750366210938,10.20674991607666,9.895500183105469,10.015000343322754,344964000
2020-07-17,10.143110275268555,10.201499938964844,10.248499870300293,10.087750434875488,10.225500106811523,266284000
2020-07-20,10.450592041015625,10.510749816894531,10.53125,10.156749725341797,10.274250030517578,284852000
2020-07-21,10.269383430480957,10.328499794006348,10.5600004196167,10.286749839782715,10.512999534606934,277036000
2020-07-22,10.379000663757324,10.438750267028809,10.602499961853027,10.291500091552734,10.367500305175781,367292000
2020-07-23,10.071768760681152,10.12975025177002,10.54699993133545,10.03125,10.449999809265137,411660000
2020-07-24,10.136153221130371,10.194499969482422,10.364749908447266,9.777000427246094,9.875,473292000
2020-07-27,10.36185073852539,10.421500205993652,10.441749572753906,10.21774959564209,10.232250213623047,292132000
2020-07-28,10.157029151916504,10.215499877929688,10.381999969482422,10.209250450134277,10.374250411987305,271636000
2020-07-29,10.405600547790527,10.465499877929688,10.516249656677246,10.347000122070312,10.39074993133545,284508000
2020-07-30,10.55324649810791,10.61400032043457,10.623000144958496,10.295249938964844,10.375,308880000
2020-07-31,10.553994178771973,10.614749908447266,10.766500473022461,10.432999610900879,10.563249588012695,386080000
2020-08-03,10.947232246398926,11.010250091552734,11.098750114440918,10.715250015258789,10.732500076293945,412720000
2020-08-04,11.163487434387207,11.227749824523926,11.227749824523926,10.906000137329102,11.050000190734863,310336000
2020-08-05,11.222147941589355,11.286749839782715,11.371749877929688,11.166250228881836,11.244000434875488,249924000
2020-08-06,11.270621299743652,11.33549976348877,11.357999801635742,11.178750038146973,11.349749565124512,244316000
2020-08-07,11.135397911071777,11.19950008392334,11.50475025177002,11.037500381469727,11.3125,342516000
2020-08-10,11.101097106933594,11.164999961853027,11.408249855041504,10.856499671936035,11.334250450134277,427796000
2020-08-11,10.787899017333984,10.850000381469727,11.136750221252441,10.79574966430664,11.073749542236328,354512000
2020-08-12,11.374772071838379,11.440250396728516,11.467000007629395,10.958250045776367,10.990750312805176,464412000
2020-08-13,11.377504348754883,11.442999839782715,11.721750259399414,11.35575008392334,11.545999526977539,374460000
2020-08-14,11.497815132141113,11.564000129699707,11.704750061035156,11.440500259399414,11.529999732971191,366436000
2020-08-17,12.266387939453125,12.336999893188477,12.409749984741211,11.81725025177002,11.851249694824219,621300000
2020-08-18,12.190571784973145,12.260749816894531,12.496000289916992,12.086250305175781,12.449999809265137,503448000
2020-08-19,12.069025993347168,12.138500213623047,12.3149995803833,12.097999572753906,12.296500205993652,622624000
2020-08-20,12.07150936126709,12.140999794006348,12.375,11.87874984741211,11.975000381469727,921388000
2020-08-21,12.610904693603516,12.683500289916992,12.80875015258789,12.195249557495117,12.201749801635742,999868000
2020-08-24,12.647443771362305,12.720250129699707,12.912500381469727,12.507499694824219,12.883749961853027,490564000
2020-08-25,12.677024841308594,12.75,12.761249542236328,12.573749542236328,12.630749702453613,289076000
2020-08-26,12.6998929977417,12.77299976348877,12.868499755859375,12.677749633789062,12.799249649047852,321244000
2020-08-27,12.555974006652832,12.628250122070312,12.850000381469727,12.566499710083008,12.781499862670898,317604000
2020-08-28,13.072497367858887,13.147749900817871,13.14799976348877,12.642499923706055,12.675000190734863,537160000
2020-08-31,13.297948837280273,13.374500274658203,13.574999809265137,13.037750244140625,13.18274974822998,500840000
2020-09-01,13.746005058288574,13.821000099182129,13.993749618530273,13.43649959564209,13.479999542236328,511316000
2020-09-02,14.26865291595459,14.346500396728516,14.726750373840332,13.899999618530273,14.703749656677246,874012000
2020-09-03,12.944875717163086,13.01550006866455,13.884499549865723,12.87874984741211,13.828749656677246,945128000
2020-09-04,12.554011344909668,12.6225004196167,13.175000190734863,11.704750061035156,12.7837495803833,1463684000
2020-09-08,11.848357200622559,11.913000106811523,12.550000190734863,11.70425033569336,11.73449993133545,795728000
2020-09-09,12.646007537841797,12.71500015258789,12.809249877929688,12.231749534606934,12.399999618530273,736200000
2020-09-10,12.244946479797363,12.311750411987305,13.065250396728516,12.166999816894531,12.989250183105469,698684000
2020-09-11,12.098493576049805,12.16450023651123,12.65250015258789,11.895750045776367,12.48550033569336,636928000
2020-09-14,12.802401542663574,12.872249603271484,13.3149995803833,12.631250381469727,13.081000328063965,1201744000
2020-09-15,12.920510292053223,12.991000175476074,13.298749923706055,12.827750205993652,13.279999732971191,727556000
2020-09-16,12.446595191955566,12.51449966430664,13.09274959564209,12.513750076293945,12.957249641418457,556384000
2020-09-17,12.395870208740234,12.463500022888184,12.589750289916992,12.034749984741211,12.13224983215332,792512000
2020-09-18,12.123109817504883,12.189249992370605,12.632499694824219,11.988750457763672,12.59375,698460000
2020-09-21,12.44933032989502,12.517250061035156,12.522500038146973,11.904500007629395,11.925000190734863,721044000
2020-09-22,12.569175720214844,12.637749671936035,12.64799976348877,12.155500411987305,12.574999809265137,646452000
2020-09-23,12.057966232299805,12.123749732971191,12.72700023651123,12.07925033569336,12.575499534606934,647012000
2020-09-24,12.280998229980469,12.347999572753906,12.569499969482422,12.013999938964844,12.072250366210938,731240000
2020-09-25,12.803892135620117,12.873749732971191,12.883500099182129,12.245750427246094,12.447500228881836,588016000
2020-09-28,12.964266777038574,13.03499984741211,13.051750183105469,12.75,13.040249824523926,573808000
2020-09-29,13.153987884521484,13.225749969482422,13.442749977111816,12.933250427246094,12.9375,621460000
2020-09-30,13.457082748413086,13.530500411987305,13.6225004196167,13.150250434875488,13.157500267028809,689184000
2020-10-01,13.540626525878906,13.614500045776367,13.762749671936035,13.460749626159668,13.758000373840332,525004000
2020-10-02,12.991375923156738,13.062250137329102,13.519499778747559,13.050999641418457,13.225000381469727,552496000
2020-10-05,13.568473815917969,13.642499923706055,13.64424991607666,13.222749710083008,13.236000061035156,479820000
2020-10-06,13.661965370178223,13.736499786376953,14.142000198364258,13.664999961853027,13.829999923706055,784420000
2020-10-07,13.888229370117188,13.96399974822998,14.119250297546387,13.863499641418457,13.999750137329102,418084000
2020-10-08,13.763659477233887,13.838749885559082,14.084500312805176,13.758000373840332,14.074999809265137,378900000
2020-10-09,13.688072204589844,13.762749671936035,13.824250221252441,13.660750389099121,13.767000198364258,346892000
2020-10-12,14.148808479309082,14.22599983215332,14.347000122070312,13.912500381469727,13.989500045776367,434744000
2020-10-13,14.170937538146973,14.248250007629395,14.34850025177002,14.018750190734863,14.296500205993652,344604000
2020-10-14,14.018765449523926,14.095250129699707,14.34274959564209,13.960000038146973,14.290499687194824,276100000
2020-10-15,13.894196510314941,13.970000267028809,14.005749702453613,13.767749786376953,13.810750007629395,267224000
2020-10-16,13.736557006835938,13.81149959564209,14.121500015258789,13.792499542236328,14.036749839782715,242392000
2020-10-19,13.424509048461914,13.497750282287598,13.983499526977539,13.406749725341797,13.902999877929688,298068000
2020-10-20,13.571456909179688,13.645500183105469,13.799750328063965,13.506999969482422,13.583499908447266,229212000
2020-10-21,13.451362609863281,13.524749755859375,13.791500091552734,13.477499961853027,13.625,219596000
2020-10-22,13.288501739501953,13.361000061035156,13.611749649047852,13.231749534606934,13.522500038146973,290480000
2020-10-23,13.51650619506836,13.590250015258789,13.593250274658203,13.291250228881836,13.449999809265137,233484000
2020-10-26,13.069944381713867,13.141249656677246,13.692749977111816,13.03849983215332,13.427000045776367,336896000
2020-10-27,13.324058532714844,13.396750450134277,13.442000389099121,13.191499710083008,13.305999755859375,250520000
2020-10-28,12.558484077453613,12.626999855041504,13.260000228881836,12.609000205993652,13.197999954223633,376520000
2020-10-29,12.953328132629395,13.02400016784668,13.192749977111816,12.75,12.838500022888184,320080000
2020-10-30,12.465989112854004,12.534000396728516,12.93649959564209,12.300000190734863,12.850000381469727,416820000
2020-11-02,12.512486457824707,12.580750465393066,12.836750030517578,12.395000457763672,12.657750129699707,299652000
2020-11-03,12.9488525390625,13.019499778747559,13.104999542236328,12.602749824523926,12.708499908447266,272900000
2020-11-04,13.719401359558105,13.794249534606934,13.827500343322754,13.336999893188477,13.389249801635742,410228000
2020-11-05,14.08316421508789,14.15999984741211,14.33899974822998,13.991000175476074,14.162500381469727,319028000
2020-11-06,14.48298454284668,14.562000274658203,14.588749885559082,13.895000457763672,14.109749794006348,383348000
2020-11-09,13.556787490844727,13.630749702453613,14.691499710083008,13.610750198364258,14.552499771118164,582976000
2020-11-10,12.70071029663086,12.770000457763672,13.606499671936035,12.628250122070312,13.606499671936035,644068000
2020-11-11,13.345192909240723,13.418000221252441,13.4350004196167,12.948249816894531,13.053750038146973,404744000
2020-11-12,13.383731842041016,13.45674991607666,13.765999794006348,13.315999984741211,13.479000091552734,365812000
2020-11-13,13.22485065460205,13.29699993133545,13.668749809265137,13.059249877929688,13.627249717712402,346312000
2020-11-16,13.441913604736328,13.515250205993652,13.649499893188477,13.156000137329102,13.172499656677246,413776000
2020-11-17,13.349419593811035,13.422249794006348,13.5962495803833,13.303750038146973,13.552499771118164,312028000
2020-11-18,13.355883598327637,13.428750038146973,13.60575008392334,13.1850004196167,13.465250015258789,510924000
2020-11-19,13.36732006072998,13.440250396728516,13.487500190734863,13.100000381469727,13.212750434875488,565936000
2020-11-20,13.016736030578613,13.087750434875488,13.494500160217285,13.0649995803833,13.454000473022461,341088000
2020-11-23,13.06870174407959,13.140000343322754,13.382499694824219,13.01550006866455,13.171250343322754,361356000
2020-11-24,12.88744068145752,12.95775032043457,13.161999702453613,12.885000228881836,13.142499923706055,346500000
2020-11-25,13.162936210632324,13.234749794006348,13.269499778747559,13.020000457763672,13.032500267028809,259916000
2020-11-27,13.189291954040527,13.261249542236328,13.407500267028809,13.170499801635742,13.375,167276000
2020-11-30,13.32878303527832,13.40149974822998,13.412500381469727,12.972249984741211,13.265000343322754,286952000
2020-12-01,13.317342758178711,13.390000343322754,13.5287504196167,13.228249549865723,13.492250442504883,296948000
2020-12-02,13.471006393432617,13.544500350952148,13.673500061035156,13.23425006866455,13.350500106811523,283360000
2020-12-03,13.32724666595459,13.395999908447266,13.65999984741211,13.329000473022461,13.587499618530273,199520000
2020-12-04,13.488664627075195,13.558250427246094,13.5600004196167,13.388750076293945,13.44849967956543,202244000
2020-12-07,13.536916732788086,13.606749534606934,13.731249809265137,13.5,13.601249694824219,223244000
2020-12-08,13.281485557556152,13.350000381469727,13.598750114440918,13.281499862670898,13.585000038146973,271920000
2020-12-09,12.864383697509766,12.930749893188477,13.413999557495117,12.868249893188477,13.30049991607666,401300000
2020-12-10,12.905673027038574,12.972249984741211,13.068750381469727,12.849499702453613,12.869000434875488,207764000
2020-12-11,12.94646167755127,13.013250350952148,13.020000457763672,12.822999954223633,12.967249870300293,209264000
2020-12-14,13.240446090698242,13.30875015258789,13.388750076293945,13.077500343322754,13.088000297546387,270156000
2020-12-15,13.29193115234375,13.36050033569336,13.46399974822998,13.186750411987305,13.439749717712402,193016000
2020-12-16,13.174537658691406,13.242500305175781,13.437250137329102,13.212499618530273,13.422499656677246,223116000
2020-12-17,13.27277660369873,13.3412504196167,13.379500389099121,13.178500175476074,13.36674976348877,231384000
2020-12-18,13.20388412475586,13.272000312805176,13.404999732971191,13.070500373840332,13.378999710083008,342064000
2020-12-21,13.263826370239258,13.332249641418457,13.369999885559082,12.967499732971191,13.074749946594238,302332000
2020-12-22,13.210101127624512,13.278249740600586,13.337249755859375,13.053999900817871,13.319250106811523,185580000
2020-12-23,12.942481994628906,13.009249687194824,13.274999618530273,13.005000114440918,13.255999565124512,179144000
2020-12-24,12.927063941955566,12.993749618530273,13.132499694824219,12.938750267028809,13.037249565124512,97884000
2020-12-28,12.833792686462402,12.899999618530273,13.0625,12.763250350952148,13.0625,212564000
2020-12-29,12.876822471618652,12.943249702453613,13.072500228881836,12.842249870300293,12.925000190734863,170372000
2020-12-30,13.078282356262207,13.145750045776367,13.213749885559082,12.896750450134277,12.990249633789062,225396000
2020-12-31,12.987996101379395,13.055000305175781,13.151000022888184,12.914999961853027,13.136500358581543,192424000
2021-01-04,13.046196937561035,13.113499641418457,13.65250015258789,12.962499618530273,13.104249954223633,560640000
2021-01-05,13.335951805114746,13.404749870300293,13.443499565124512,13.086999893188477,13.099749565124512,322760000
2021-01-06,12.54975700378418,12.614500045776367,13.244999885559082,12.586000442504883,13.22249984741211,580424000
2021-01-07,13.2755126953125,13.343999862670898,13.377750396728516,12.886500358581543,12.967499732971191,461480000
2021-01-08,13.20860767364502,13.276749610900879,13.420999526977539,13.041999816894531,13.362500190734863,292528000
2021-01-11,13.551592826843262,13.621500015258789,13.961000442504883,13.362500190734863,13.418749809265137,518344000
2021-01-12,13.415543556213379,13.484749794006348,13.754500389099121,13.345000267028809,13.7524995803833,291476000
2021-01-13,13.462300300598145,13.531749725341797,13.625,13.385000228881836,13.489999771118164,210028000
2021-01-14,13.132499694824219,13.200249671936035,13.599749565124512,13.180500030517578,13.574999809265137,283120000
2021-01-15,12.793501853942871,12.85949993133545,13.325249671936035,12.84850025177002,13.227999687194824,277780000
2021-01-19,12.958399772644043,13.025250434875488,13.093999862670898,12.843999862670898,13.016249656677246,226188000
2021-01-20,13.29715633392334,13.365750312805176,13.430500030517578,13.056750297546387,13.111749649047852,258572000
2021-01-21,13.796327590942383,13.867500305175781,13.999250411987305,13.253000259399414,13.418499946594238,337780000
2021-01-22,13.642120361328125,13.712499618530273,13.841750144958496,13.627249717712402,13.739999771118164,246820000
2021-01-25,13.58317756652832,13.653249740600586,13.828499794006348,13.236499786376953,13.781749725341797,251112000
2021-01-26,13.366297721862793,13.435250282287598,13.644749641418457,13.387499809265137,13.580499649047852,163980000
2021-01-27,12.85145092010498,12.917750358581543,13.232749938964844,12.793749809265137,13.229999542236328,371272000
2021-01-28,12.984018325805664,13.050999641418457,13.339750289916992,12.96049976348877,12.99625015258789,228316000
2021-01-29,12.92308235168457,12.989749908447266,13.334750175476074,12.911499977111816,13.074999809265137,271552000
2021-02-01,13.169065475463867,13.237000465393066,13.270750045776367,12.902750015258789,13.053250312805176,217204000
2021-02-02,13.48717212677002,13.556750297546387,13.571999549865723,13.285499572753906,13.398750305175781,220440000
2021-02-03,13.461057662963867,13.530500411987305,13.931750297546387,13.516500473022461,13.63599967956543,245408000
2021-02-04,13.594121932983398,13.664250373840332,13.673500061035156,13.337750434875488,13.531000137329102,201340000
2021-02-05,13.521245956420898,13.590999603271484,13.737250328063965,13.54574966430664,13.725000381469727,169152000
2021-02-08,14.364646911621094,14.438750267028809,14.473750114440918,13.727250099182129,13.727250099182129,434624000
2021-02-09,14.190046310424805,14.263250350952148,14.583250045776367,14.22249984741211,14.340749740600586,287560000
2021-02-10,14.6884765625,14.764249801635742,14.904999732971191,14.341500282287598,14.463250160217285,485352000
2021-02-11,15.172478675842285,15.250749588012695,15.272250175476074,14.925000190734863,14.980250358581543,450828000
2021-02-12,14.884465217590332,14.961250305175781,15.291250228881836,14.774999618530273,15.050000190734863,374756000
2021-02-16,15.251570701599121,15.330249786376953,15.3725004196167,14.949999809265137,15.064249992370605,321960000
2021-02-17,14.829496383666992,14.906000137329102,15.22350025177002,14.779999732971191,15.170999526977539,274756000
2021-02-18,14.752893447875977,14.829000473022461,14.873250007629395,14.574999809265137,14.729000091552734,233868000
2021-02-19,14.849896430969238,14.92650032043457,15.177000045776367,14.846750259399414,15.024499893188477,271724000
2021-02-22,14.282073020935059,14.35575008392334,15.13325023651123,14.324999809265137,14.774749755859375,325884000
2021-02-23,14.069417953491211,14.142000198364258,14.238750457763672,13.38949966430664,14.075249671936035,391780000
2021-02-24,14.424589157104492,14.49899959564209,14.506750106811523,13.755999565124512,14.122750282287598,448320000
2021-02-25,13.239201545715332,13.307499885559082,14.374750137329102,13.2162504196167,14.045499801635742,824436000
2021-02-26,13.644112586975098,13.714500427246094,13.854499816894531,13.361000061035156,13.7524995803833,500932000
2021-03-01,13.770710945129395,13.841750144958496,13.925000190734863,13.553250312805176,13.875,353184000
2021-03-02,13.337443351745605,13.40625,13.920499801635742,13.395999908447266,13.899999618530273,264116000
2021-03-03,12.739031791687012,12.804750442504883,13.451499938964844,12.798749923706055,13.426250457763672,377592000
2021-03-04,12.30675983428955,12.37024974822998,12.975000381469727,12.083749771118164,12.800749778747559,573344000
2021-03-05,12.397543907165527,12.46150016784668,12.550000190734863,11.67924976348877,12.550000190734863,542840000
2021-03-08,11.5337495803833,11.593250274658203,12.4712495803833,11.566499710083008,12.449999809265137,543112000
2021-03-09,12.46029281616211,12.52025032043457,12.61674976348877,12.059249877929688,12.130249977111816,521824000
2021-03-10,12.408539772033691,12.468250274658203,12.979999542236328,12.457500457763672,12.840499877929688,384376000
2021-03-11,12.931275367736816,12.993499755859375,13.046250343322754,12.73449993133545,12.949999809265137,299916000
2021-03-12,12.794432640075684,12.855999946594238,12.888750076293945,12.59000015258789,12.648249626159668,243964000
2021-03-15,13.12807846069336,13.19124984741211,13.20674991607666,12.767250061035156,12.864749908447266,221988000
2021-03-16,13.22760009765625,13.291250228881836,13.512499809265137,13.11674976348877,13.356499671936035,272128000
2021-03-17,13.277359008789062,13.3412504196167,13.45324993133545,12.989500045776367,13.039750099182129,243864000
2021-03-18,12.661571502685547,12.72249984741211,13.184000015258789,12.717000007629395,13.136500358581543,293896000
2021-03-19,12.784234046936035,12.845749855041504,12.921500205993652,12.612500190734863,12.75,299208000
2021-03-22,13.123104095458984,13.186249732971191,13.394499778747559,12.906749725341797,12.912750244140625,297804000
2021-03-23,13.008156776428223,13.07075023651123,13.344499588012695,13.021249771118164,13.254249572753906,222048000
2021-03-24,12.582453727722168,12.642999649047852,13.159250259399414,12.636750221252441,13.151249885559082,245840000
2021-03-25,12.475218772888184,12.535249710083008,12.714750289916992,12.272000312805176,12.499500274658203,295144000
2021-03-26,12.777763366699219,12.839249610900879,12.856249809265137,12.373499870300293,12.554499626159668,363968000
2021-03-29,12.88624382019043,12.948249816894531,13.0625,12.699999809265137,12.820249557495117,273520000
2021-03-30,12.810107231140137,12.871749877929688,12.975250244140625,12.704999923706055,12.842000007629395,200204000
2021-03-31,13.284327507019043,13.348250389099121,13.470499992370605,12.982500076293945,13.01550006866455,314776000
2021-04-01,13.745606422424316,13.811750411987305,13.869999885559082,13.511249542236328,13.572250366210938,308276000
2021-04-05,13.920514106750488,13.987500190734863,14.013999938964844,13.732999801635742,13.867500305175781,255672000
2021-04-06,13.79511833190918,13.861499786376953,14.05424976348877,13.773500442504883,13.999750137329102,191744000
2021-04-07,14.075769424438477,14.143500328063965,14.243499755859375,13.71150016784668,13.880749702453613,251284000
2021-04-08,14.248437881469727,14.317000389099121,14.471500396728516,14.24899959564209,14.252750396728516,244416000
2021-04-09,14.331035614013672,14.399999618530273,14.407999992370605,14.175000190734863,14.21399974822998,195172000
2021-04-12,15.136162757873535,15.208999633789062,15.352499961853027,14.139249801635742,14.289750099182129,869324000
2021-04-13,15.604412078857422,15.679499626159668,15.699999809265137,15.125749588012695,15.231499671936035,676212000
2021-04-14,15.203840255737305,15.277000427246094,15.720499992370605,15.227499961853027,15.625,385500000
2021-04-15,16.059974670410156,16.137250900268555,16.214250564575195,15.631500244140625,15.662500381469727,598480000
2021-04-16,15.836297035217285,15.912500381469727,16.16575050354004,15.865249633789062,16.05299949645996,335208000
2021-04-19,15.288183212280273,15.361749649047852,15.807499885559082,15.232999801635742,15.536499977111816,404420000
2021-04-20,15.098596572875977,15.171250343322754,15.496999740600586,14.963000297546387,15.323249816894531,334132000
2021-04-21,15.28693962097168,15.36050033569336,15.362500190734863,15.102250099182129,15.118749618530273,216776000
2021-04-22,14.779131889343262,14.850250244140625,15.43850040435791,14.783499717712402,15.375,277788000
2021-04-23,15.192146301269531,15.265250205993652,15.335000038146973,14.900250434875488,14.934249877929688,227500000
2021-04-26,15.403877258300781,15.477999687194824,15.479000091552734,15.125,15.1850004196167,197796000
2021-04-27,15.308089256286621,15.381750106811523,15.670499801635742,15.354499816894531,15.578499794006348,164572000
2021-04-28,15.203590393066406,15.276749610900879,15.53225040435791,15.215499877929688,15.364500045776367,209416000
2021-04-29,15.251360893249512,15.324749946594238,15.43649959564209,15.071499824523926,15.399999618530273,173196000
2021-04-30,14.9376220703125,15.009499549865723,15.364999771118164,14.996999740600586,15.174500465393066,201912000
2021-05-03,14.765700340270996,14.836750030517578,15.246749877929688,14.787500381469727,15.125,203912000
2021-05-04,14.282522201538086,14.351249694824219,14.637499809265137,14.010250091552734,14.637249946594238,405324000
2021-05-05,14.389260292053223,14.458499908447266,14.81350040435791,14.387499809265137,14.708999633789062,292024000
2021-05-06,14.453449249267578,14.52299976348877,14.571249961853027,14.218000411987305,14.49524974822998,193380000
2021-05-07,14.741313934326172,14.812250137329102,14.970749855041504,14.67175006866455,14.808250427246094,229328000
2021-05-10,14.197431564331055,14.26574993133545,14.805999755859375,14.25,14.787249565124512,268904000
2021-05-11,14.237736701965332,14.306249618530273,14.35474967956543,13.75,13.824999809265137,285584000
2021-05-12,13.69261360168457,13.758500099182129,14.260250091552734,13.709250450134277,14.009499549865723,303408000
2021-05-13,13.599809646606445,13.665249824523926,14.080750465393066,13.458999633789062,14.0337495803833,285404000
2021-05-14,14.174790382385254,14.243000030517578,14.32800006866455,13.748499870300293,13.890000343322754,258616000
2021-05-17,14.097661972045898,14.165499687194824,14.169249534606934,13.853500366210938,14.156999588012695,216980000
2021-05-18,13.948628425598145,14.01574993133545,14.404250144958496,14.003999710083008,14.267000198364258,186256000
2021-05-19,13.998391151428223,14.065750122070312,14.079500198364258,13.54325008392334,13.566499710083008,344000000
2021-05-20,14.542523384094238,14.612500190734863,14.68375015258789,14.270500183105469,14.302499771118164,321592000
2021-05-21,14.919953346252441,14.99174976348877,15.222000122070312,14.869500160217285,15.163749694824219,672992000
2021-05-24,15.537237167358398,15.612000465393066,15.744999885559082,15.175999641418457,15.212499618530273,554816000
2021-05-25,15.57281494140625,15.647749900817871,15.818499565124512,15.482500076293945,15.765999794006348,435408000
2021-05-26,15.624812126159668,15.699999809265137,15.793749809265137,15.586250305175781,15.73425006866455,370440000
2021-05-27,15.41382884979248,15.48799991607666,15.75,15.460000038146973,15.699749946594238,581476000
2021-05-28,16.166702270507812,16.24449920654297,16.27750015258789,15.50100040435791,15.50100040435791,644536000
2021-06-01,16.186607360839844,16.26449966430664,16.38825035095215,15.903249740600586,16.270000457763672,472804000
2021-06-02,16.697900772094727,16.778249740600586,16.918750762939453,16.23550033569336,16.25225067138672,594168000
2021-06-03,16.88848304748535,16.969749450683594,17.259000778198242,16.58300018310547,16.70075035095215,580008000
2021-06-04,17.494070053100586,17.578250885009766,17.660999298095703,17.095500946044922,17.112499237060547,617120000
2021-06-07,17.534624099731445,17.618999481201172,17.8125,17.192750930786133,17.571250915527344,575756000
2021-06-08,17.37339973449707,17.457000732421875,17.62150001525879,17.250999450683594,17.527250289916992,323848000
2021-06-09,17.27907943725586,17.35824966430664,17.575000762939453,17.25575065612793,17.515750885009766,381656000
2021-06-10,17.34552001953125,17.424999237060547,17.492000579833984,17.176000595092773,17.350000381469727,287772000
2021-06-11,17.74394989013672,17.82525062561035,17.939250946044922,17.443750381469727,17.47949981689453,416308000
2021-06-14,17.936573028564453,18.018749237060547,18.039499282836914,17.662750244140625,17.9060001373291,321376000
2021-06-15,17.70737075805664,17.78849983215332,18.016250610351562,17.72800064086914,17.915000915527344,243032000
2021-06-16,17.729022979736328,17.81024932861328,17.954750061035156,17.58449935913086,17.79075050354004,307124000
2021-06-17,18.57215690612793,18.657249450683594,18.834999084472656,17.756250381469727,17.774499893188477,809656000
2021-06-18,18.553741455078125,18.638750076293945,19.375,18.583999633789062,18.784000396728516,968856000
2021-06-21,18.34320831298828,18.427249908447266,18.536500930786133,17.822750091552734,18.43524932861328,672384000
2021-06-22,18.800607681274414,18.886749267578125,18.9637508392334,18.38599967956543,18.471500396728516,580144000
2021-06-23,18.9703311920166,19.057249069213867,19.15275001525879,18.90774917602539,19.007749557495117,332356000
2021-06-24,19.11790657043457,19.20549964904785,19.420000076293945,19.08824920654297,19.227750778198242,320924000
2021-06-25,18.944202423095703,19.0310001373291,19.345500946044922,18.894500732421875,19.280500411987305,278364000
2021-06-28,19.89385223388672,19.985000610351562,20.078750610351562,19.319000244140625,19.361249923706055,495436000
2021-06-29,19.93541145324707,20.026750564575195,20.0987491607666,19.656999588012695,19.88249969482422,367632000
2021-06-30,19.91127586364746,20.002500534057617,20.162500381469727,19.863750457763672,19.999250411987305,326568000
2021-07-01,20.11981773376465,20.211999893188477,20.45599937438965,20.018999099731445,20.125,480136000
2021-07-02,20.393566131591797,20.48699951171875,20.505250930786133,20.287750244140625,20.440250396728516,342764000
2021-07-06,20.604097366333008,20.69849967956543,20.841999053955078,20.350250244140625,20.737499237060547,446708000
2021-07-07,20.27883529663086,20.371749877929688,20.875,20.332000732421875,20.853500366210938,418428000
2021-07-08,19.81197166442871,19.90275001525879,20.132999420166016,19.70075035095215,19.85650062561035,503300000
2021-07-09,19.95880126953125,20.050249099731445,20.080249786376953,19.754249572753906,19.962499618530273,296624000
2021-07-12,20.418941497802734,20.512500762939453,20.53274917602539,20.1877498626709,20.239999771118164,321984000
2021-07-13,20.157644271850586,20.25,20.46125030517578,20.11400032043457,20.40049934387207,290708000
2021-07-14,19.751001358032227,19.84149932861328,20.417749404907227,19.752750396728516,20.357749938964844,380100000
2021-07-15,18.879751205444336,18.966249465942383,19.847000122070312,18.85849952697754,19.811750411987305,550564000
2021-07-16,18.078170776367188,18.160999298095703,19.156999588012695,18.072999954223633,19.030500411987305,688224000
2021-07-19,18.694101333618164,18.77975082397461,19.04199981689453,17.86549949645996,17.915250778198242,749060000
2021-07-20,18.52711296081543,18.61199951171875,18.83799934387207,18.163999557495117,18.729999542236328,434687000
2021-07-21,19.32147216796875,19.40999984741211,19.527000427246094,18.742000579833984,18.881999969482422,371017000
2021-07-22,19.504634857177734,19.5939998626709,19.886999130249023,19.275999069213867,19.642000198364258,323826000
2021-07-23,19.468795776367188,19.558000564575195,19.700000762939453,19.25,19.6560001373291,195672000
2021-07-26,19.206003189086914,19.29400062561035,19.441999435424805,18.913999557495117,19.31100082397461,203943000
2021-07-27,19.12039566040039,19.20800018310547,19.621999740600586,18.740999221801758,19.264999389648438,248863000
2021-07-28,19.414052963256836,19.503000259399414,19.645999908447266,18.9950008392334,19.319000244140625,202191000
2021-07-29,19.57232666015625,19.66200065612793,19.85300064086914,19.327999114990234,19.518999099731445,190781000
2021-07-30,19.410070419311523,19.499000549316406,19.6299991607666,19.26300048828125,19.417999267578125,183497000
2021-08-02,19.65992546081543,19.75,19.961000442504883,19.361000061035156,19.700000762939453,217444000
2021-08-03,19.724624633789062,19.815000534057617,20.222000122070312,19.219999313354492,19.739999771118164,301811000
2021-08-04,20.181529998779297,20.27400016784668,20.31800079345703,19.827999114990234,19.989999771118164,231309000
2021-08-05,20.542879104614258,20.636999130249023,20.732999801635742,20.341999053955078,20.5,211435000
2021-08-06,20.273113250732422,20.365999221801758,20.56999969482422,20.209999084472656,20.52400016784668,178497000
2021-08-09,20.202438354492188,20.295000076293945,20.507999420166016,20.14299964904785,20.445999145507812,146443000
2021-08-10,19.84507942199707,19.93600082397461,20.43000030517578,19.834999084472656,20.32200050354004,179238000
2021-08-11,19.60915756225586,19.698999404907227,20.048999786376953,19.43000030517578,20.042999267578125,185925000
2021-08-12,19.81421661376953,19.905000686645508,20.02899932861328,19.6200008392334,19.8700008392334,151652000
2021-08-13,20.095924377441406,20.187999725341797,20.214000701904297,19.85099983215332,19.905000686645508,183063000
2021-08-16,19.8590145111084,19.950000762939453,20.28700065612793,19.452999114990234,20.135000228881836,210876000
2021-08-17,19.369253158569336,19.45800018310547,19.770000457763672,19.267000198364258,19.684999465942383,204585000
2021-08-18,18.953163146972656,19.040000915527344,19.634000778198242,19.0,19.5,285913000
2021-08-19,19.707706451416016,19.79800033569336,20.4950008392334,18.761999130249023,19.493999481201172,766555000
2021-08-20,20.721057891845703,20.81599998474121,20.864999771118164,19.933000564575195,19.990999221801758,675741000
2021-08-23,21.857852935791016,21.95800018310547,21.996999740600586,20.950000762939453,20.97100067138672,575807000
2021-08-24,21.693607330322266,21.792999267578125,21.958999633789062,21.53499984741211,21.753000259399414,297299000
2021-08-25,22.1116886138916,22.21299934387207,22.469999313354492,21.722000122070312,21.73699951171875,347701000
2021-08-26,21.967350006103516,22.06800079345703,22.34000015258789,21.790000915527344,22.200000762939453,237940000
2021-08-27,22.53276252746582,22.63599967956543,22.722000122070312,22.16699981689453,22.18400001525879,304722000
2021-08-30,22.584524154663086,22.687999725341797,23.042999267578125,22.551000595092773,22.829999923706055,262580000
2021-08-31,22.286836624145508,22.385000228881836,22.69499969482422,22.1200008392334,22.69499969482422,259850000
2021-09-01,22.342592239379883,22.44099998474121,22.69700050354004,22.35700035095215,22.485000610351562,201767000
2021-09-02,22.29778480529785,22.395999908447266,22.593000411987305,22.295000076293945,22.51799964904785,187834000
2021-09-03,22.74282455444336,22.843000411987305,22.986000061035156,22.200000762939453,22.325000762939453,280532000
2021-09-07,22.56261444091797,22.66200065612793,22.89900016784668,22.52199935913086,22.83300018310547,198107000
2021-09-08,22.24103546142578,22.339000701904297,22.610000610351562,21.976999282836914,22.51300048828125,254434000
2021-09-09,22.07974624633789,22.177000045776367,22.538000106811523,22.131000518798828,22.312000274658203,196856000
2021-09-10,22.379426956176758,22.47800064086914,22.625999450683594,22.270000457763672,22.347999572753906,248376000
2021-09-13,22.05486297607422,22.152000427246094,22.964000701904297,21.857999801635742,22.68400001525879,297500000
2021-09-14,22.14446258544922,22.242000579833984,22.40999984741211,22.086000442504883,22.274999618530273,199755000
2021-09-15,22.243026733398438,22.340999603271484,22.367000579833984,21.965999603271484,22.30900001525879,166538000
2021-09-16,22.14446258544922,22.242000579833984,22.277000427246094,21.927000045776367,22.183000564575195,156033000
2021-09-17,21.803958892822266,21.899999618530273,22.320999145507812,21.829999923706055,22.299999237060547,294503000
2021-09-20,21.020416259765625,21.113000869750977,21.433000564575195,20.66200065612793,21.145999908447266,349440000
2021-09-21,21.152830123901367,21.246000289916992,21.424999237060547,20.950000762939453,21.41699981689453,204688000
2021-09-22,21.84478187561035,21.94099998474121,21.959999084472656,21.195999145507812,21.365999221801758,268726000
2021-09-23,22.38340950012207,22.48200035095215,22.53499984741211,21.889999389648438,22.139999389648438,248555000
2021-09-24,21.984167098999023,22.08099937438965,22.14900016784668,21.861000061035156,22.06999969482422,217655000
2021-09-27,21.565013885498047,21.65999984741211,21.798999786376953,21.325000762939453,21.709999084472656,245215000
2021-09-28,20.60822868347168,20.698999404907227,21.41900062561035,20.650999069213867,21.214000701904297,343069000
2021-09-29,20.427026748657227,20.517000198364258,21.017000198364258,20.466999053955078,20.940000534057617,218394000
2021-09-30,20.625154495239258,20.715999603271484,21.06599998474121,20.687999725341797,20.76799964904785,221009000
2021-10-01,20.65104103088379,20.742000579833984,20.858999252319336,20.202999114990234,20.75,240978000
2021-10-04,19.645465850830078,19.73200035095215,20.54199981689453,19.55500030517578,20.503999710083008,345635000
2021-10-05,20.361316680908203,20.451000213623047,20.648000717163086,19.854000091552734,19.950000762939453,279282000
2021-10-06,20.60922622680664,20.700000762939453,20.719999313354492,20.079999923706055,20.1200008392334,297202000
2021-10-07,20.982580184936523,21.075000762939453,21.32200050354004,20.972000122070312,21.091999053955078,256919000
2021-10-08,20.739652633666992,20.83099937438965,21.20599937438965,20.774999618530273,21.10099983215332,151258000
2021-10-11,20.604246139526367,20.69499969482422,21.062999725341797,20.51099967956543,20.575000762939453,163388000
2021-10-12,20.580350875854492,20.67099952697754,21.05699920654297,20.527999877929688,20.827999114990234,162134000
2021-10-13,20.8471736907959,20.93899917602539,20.989999771118164,20.71299934387207,20.917999267578125,180652000
2021-10-14,21.6506404876709,21.746000289916992,21.7549991607666,21.121999740600586,21.288000106811523,243589000
2021-10-15,21.766128540039062,21.86199951171875,21.930999755859375,21.66200065612793,21.809999465942383,226994000
2021-10-18,22.12455177307129,22.222000122070312,22.291000366210938,21.643999099731445,21.749000549316406,189494000
2021-10-19,22.19225311279297,22.290000915527344,22.378999710083008,22.03700065612793,22.275999069213867,161473000
2021-10-20,22.00606918334961,22.10300064086914,22.433000564575195,21.98200035095215,22.30500030517578,146276000
2021-10-21,22.592487335205078,22.691999435424805,22.711000442504883,22.08300018310547,22.097000122070312,187590000
2021-10-22,22.626340866088867,22.72599983215332,23.1299991607666,22.56100082397461,22.822999954223633,249384000
2021-10-25,23.06441307067871,23.166000366210938,23.354999542236328,22.770000457763672,22.972999572753906,230235000
2021-10-26,24.60860824584961,24.716999053955078,25.259000778198242,23.923999786376953,23.98900032043457,485898000
2021-10-27,24.34377098083496,24.451000213623047,25.09000015258789,24.281999588012695,24.474000930786133,245990000
2021-10-28,24.831632614135742,24.94099998474121,24.950000762939453,24.523000717163086,24.878000259399414,234204000
2021-10-29,25.454883575439453,25.566999435424805,25.708999633789062,25.0,25.000999450683594,292503000
2021-11-01,25.713741302490234,25.82699966430664,25.893999099731445,25.226999282836914,25.64900016784668,265740000
2021-11-02,26.28522300720215,26.400999069213867,26.67799949645996,25.799999237060547,25.82200050354004,294112000
2021-11-03,26.481353759765625,26.597999572753906,26.784000396728516,26.235000610351562,26.670000076293945,239910000
2021-11-04,29.670318603515625,29.801000595092773,31.364999771118164,27.118000030517578,27.229000091552734,1153631000
2021-11-05,29.62152671813965,29.75200080871582,31.399999618530273,29.40999984741211,30.187000274658203,851260000
2021-11-08,30.668914794921875,30.804000854492188,31.100000381469727,29.906999588012695,30.14900016784668,503101000
2021-11-09,30.52256202697754,30.656999588012695,32.310001373291016,29.964000701904297,32.28200149536133,646746000
2021-11-10,29.329811096191406,29.458999633789062,30.850000381469727,28.777999877929688,29.356000900268555,636206000
2021-11-11,30.256731033325195,30.389999389648438,30.59000015258789,29.777000427246094,30.468000411987305,332172000
2021-11-12,30.256731033325195,30.389999389648438,30.68000030517578,29.6299991607666,30.010000228881836,413054000
2021-11-15,29.893329620361328,30.024999618530273,30.643999099731445,29.246999740600586,30.552000045776367,384909000
2021-11-16,30.07054901123047,30.202999114990234,30.389999389648438,29.70599937438965,29.759000778198242,264484000
2021-11-17,29.132678985595703,29.26099967956543,30.509000778198242,28.799999237060547,30.417999267578125,428508000
2021-11-18,31.53609848022461,31.674999237060547,32.7599983215332,31.320999145507812,32.367000579833984,781711000
2021-11-19,32.84035873413086,32.98500061035156,33.0880012512207,31.905000686645508,32.24300003051758,533867000
2021-11-22,31.815868377685547,31.95599937438965,34.64699935913086,31.899999618530273,33.516998291015625,754335000
2021-11-23,31.60678482055664,31.746000289916992,32.36000061035156,30.8799991607666,31.53499984741211,532163000
2021-11-24,32.530723571777344,32.67399978637695,32.85499954223633,30.92799949645996,31.461000442504883,435162000
2021-11-26,31.364850997924805,31.503000259399414,32.709999084472656,31.350000381469727,32.599998474121094,283069000
2021-11-29,33.22962951660156,33.375999450683594,33.4119987487793,32.0359992980957,32.36600112915039,454964000
2021-11-30,32.5327033996582,32.67599868774414,33.35300064086914,31.86400032043457,33.16899871826172,622066000
2021-12-01,31.30097770690918,31.434999465942383,33.28900146484375,31.3799991607666,33.21900177001953,484368000
2021-12-02,31.989036560058594,32.125999450683594,32.47800064086914,31.024999618530273,31.214000701904297,472890000
2021-12-03,30.562143325805664,30.69300079345703,32.12900161743164,30.1299991607666,32.0,544325000
2021-12-06,29.90894317626953,30.03700065612793,30.240999221801758,28.038000106811523,29.8799991607666,658938000
2021-12-07,32.28874969482422,32.426998138427734,32.44900131225586,30.650999069213867,30.957000732421875,593053000
2021-12-08,31.690311431884766,31.826000213623047,32.290000915527344,31.42099952697754,31.999000549316406,475551000
2021-12-09,30.36000633239746,30.489999771118164,32.20500183105469,30.42799949645996,31.733999252319336,488507000
2021-12-10,30.069255828857422,30.197999954223633,31.30500030517578,29.861000061035156,31.149999618530273,488825000
2021-12-13,28.04094123840332,28.160999298095703,30.29400062561035,28.115999221801758,30.249000549316406,598344000
2021-12-14,28.2161922454834,28.336999893188477,28.67799949645996,27.25,27.698999404907227,667035000
2021-12-15,30.329139709472656,30.458999633789062,30.5,27.83799934387207,28.399999618530273,698297000
2021-12-16,28.26597023010254,28.386999130249023,31.15999984741211,28.093000411987305,31.152000427246094,707366000
2021-12-17,27.682472229003906,27.801000595092773,28.922000885009766,27.760000228881836,27.985000610351562,713758000
2021-12-20,27.60082244873047,27.7189998626709,28.143999099731445,27.145000457763672,27.30500030517578,461847000
2021-12-21,28.95104217529297,29.075000762939453,29.1200008392334,27.400999069213867,28.374000549316406,524385000
2021-12-22,29.274658203125,29.399999618530273,29.55500030517578,28.448999404907227,28.891000747680664,395184000
2021-12-23,29.51363182067871,29.639999389648438,30.05900001525879,29.430999755859375,29.7549991607666,343022000
2021-12-27,30.813066482543945,30.94499969482422,31.086999893188477,29.639999389648438,29.65999984741211,403686000
2021-12-28,30.192726135253906,30.32200050354004,31.329999923706055,30.011999130249023,31.312000274658203,420591000
2021-12-29,29.87309455871582,30.000999450683594,30.54800033569336,29.365999221801758,30.273000717163086,343139000
2021-12-30,29.459869384765625,29.586000442504883,30.457000732421875,29.540000915527344,29.82699966430664,308864000
2021-12-31,29.285606384277344,29.410999298095703,30.030000686645508,29.33099937438965,29.673999786376953,266530000
2022-01-03,29.992586135864258,30.121000289916992,30.711000442504883,29.78499984741211,29.815000534057617,391547000
2022-01-04,29.16512680053711,29.290000915527344,30.468000411987305,28.349000930786133,30.277000427246094,527154000
2022-01-05,27.486316680908203,27.604000091552734,29.416000366210938,27.533000946044922,28.948999404907227,498064000
2022-01-06,28.057865142822266,28.17799949645996,28.437999725341797,27.065000534057617,27.639999389648438,454186000
2022-01-07,27.130834579467773,27.246999740600586,28.422000885009766,27.05699920654297,28.141000747680664,409939000
2022-01-10,27.283184051513672,27.399999618530273,27.4689998626709,25.643999099731445,26.58099937438965,594681000
2022-01-11,27.698406219482422,27.816999435424805,28.065000534057617,26.839000701904297,27.322999954223633,404089000
2022-01-12,27.8796329498291,27.999000549316406,28.594999313354492,27.607999801635742,28.066999435424805,383413000
2022-01-13,26.461702346801758,26.575000762939453,28.479999542236328,26.49799919128418,28.378999710083008,540171000
2022-01-14,26.82713508605957,26.941999435424805,27.19700050354004,26.209999084472656,26.299999237060547,395832000
2022-01-18,25.79256820678711,25.902999877929688,26.63800048828125,25.770000457763672,26.260000228881836,424270000
2022-01-19,24.960132598876953,25.066999435424805,26.542999267578125,25.052000045776367,26.07900047302246,488315000
2022-01-20,24.047040939331055,24.149999618530273,25.57900047302246,24.077999114990234,25.304000854492188,435181000
2022-01-21,23.27434730529785,23.374000549316406,24.822999954223633,23.26300048828125,23.506999969482422,718958000
2022-01-24,23.272357940673828,23.371999740600586,23.3799991607666,20.88800048828125,22.329999923706055,913982000
2022-01-25,22.228822708129883,22.323999404907227,22.94300079345703,22.0,22.54599952697754,664616000
2022-01-26,22.674909591674805,22.77199935913086,24.05699920654297,22.299999237060547,23.239999771118164,755959000
2022-01-27,21.850444793701172,21.944000244140625,23.9950008392334,21.674999237060547,23.56800079345703,573353000
2022-01-28,22.74262237548828,22.84000015258789,22.857999801635742,21.29599952697754,22.011999130249023,543774000
2022-01-31,24.381607055664062,24.486000061035156,24.509000778198242,23.052000045776367,23.18199920654297,564680000
2022-02-01,24.532957077026367,24.63800048828125,25.145000457763672,23.889999389648438,25.104000091552734,518925000
2022-02-02,25.13438606262207,25.242000579833984,25.816999435424805,24.55299949645996,25.79400062561035,543419000
2022-02-03,23.845897674560547,23.947999954223633,25.07699966430664,23.780000686645508,24.45800018310547,410178000
2022-02-04,24.215316772460938,24.319000244140625,24.635000228881836,23.631999969482422,23.972000122070312,354829000
2022-02-07,24.622575759887695,24.72800064086914,25.18199920654297,24.20199966430664,24.371999740600586,376868000
2022-02-08,25.000953674316406,25.107999801635742,25.229999542236328,23.979999542236328,24.358999252319336,410359000
2022-02-09,26.59114646911621,26.704999923706055,26.725000381469727,25.35300064086914,25.621999740600586,524282000
2022-02-10,25.71390151977539,25.823999404907227,26.924999237060547,25.600000381469727,25.9950008392334,513200000
2022-02-11,23.846895217895508,23.948999404907227,26.152000427246094,23.773000717163086,25.916000366210938,605472000
2022-02-14,24.163545608520508,24.267000198364258,24.875,23.7549991607666,23.93400001525879,440424000
2022-02-15,26.382041931152344,26.4950008392334,26.545000076293945,24.784000396728516,24.948999404907227,699869000
2022-02-16,26.397974014282227,26.51099967956543,26.582000732421875,25.552000045776367,26.259000778198242,732676000
2022-02-17,24.402517318725586,24.506999969482422,25.78499984741211,24.165000915527344,25.6299991607666,810595000
2022-02-18,23.54120445251465,23.642000198364258,24.986000061035156,23.100000381469727,24.667999267578125,761255000
2022-02-22,23.290281295776367,23.389999389648438,24.06399917602539,23.0,23.03499984741211,633422000
2022-02-23,22.291555404663086,22.386999130249023,24.155000686645508,22.301000595092773,23.802000045776367,566511000
2022-02-24,23.646753311157227,23.74799919128418,23.799999237060547,20.889999389648438,21.014999389648438,735801000
2022-02-25,24.054006576538086,24.156999588012695,24.216999053955078,23.381000518798828,23.72100067138672,528866000
2022-02-28,24.28104019165039,24.385000228881836,24.665000915527344,23.707000732421875,23.992000579833984,477319000
2022-03-01,23.376911163330078,23.476999282836914,24.37700080871582,23.131999969482422,24.291000366210938,412056000
2022-03-02,24.120851516723633,24.219999313354492,24.409000396728516,23.415000915527344,23.756000518798828,389642000
2022-03-03,23.616920471191406,23.714000701904297,24.326000213623047,23.4689998626709,24.261999130249023,365095000
2022-03-04,22.842105865478516,22.93600082397461,23.68000030517578,22.48200035095215,23.384000778198242,431415000
2022-03-07,21.26458740234375,21.351999282836914,23.033000946044922,21.329999923706055,22.816999435424805,450821000
2022-03-08,21.425931930541992,21.513999938964844,22.37299919128418,20.649999618530273,21.30900001525879,557467000
2022-03-09,22.91978645324707,23.013999938964844,23.219999313354492,22.246999740600586,22.386999130249023,492742000
2022-03-10,22.565244674682617,22.658000946044922,22.788000106811523,21.881999969482422,22.5310001373291,428066000
2022-03-11,22.009531021118164,22.100000381469727,23.145000457763672,22.04599952697754,23.02199935913086,367209000
2022-03-14,21.2426815032959,21.329999923706055,22.261999130249023,21.159000396728516,21.868999481201172,385354000
2022-03-15,22.878950119018555,22.972999572753906,23.038000106811523,21.32200050354004,21.51799964904785,491996000
2022-03-16,24.39572525024414,24.496000289916992,24.597000122070312,23.172000885009766,23.5,671422000
2022-03-17,24.66461753845215,24.766000747680664,24.841999053955078,23.9060001373291,24.1200008392334,471941000
2022-03-18,26.344703674316406,26.452999114990234,26.569000244140625,24.624000549316406,24.798999786376953,730719000
2022-03-21,26.624553680419922,26.733999252319336,27.152000427246094,25.966999053955078,26.506999969482422,591727000
2022-03-22,26.41541862487793,26.52400016784668,27.238000869750977,26.07200050354004,26.726999282836914,547007000
2022-03-23,25.529062271118164,25.634000778198242,26.61199951171875,25.575000762939453,26.125999450683594,502120000
2022-03-24,28.034761428833008,28.149999618530273,28.31999969482422,25.906999588012695,26.166000366210938,877379000
2022-03-25,27.57863426208496,27.691999435424805,28.357999801635742,27.270999908447266,27.88599967956543,579016000
2022-03-28,28.103477478027344,28.2189998626709,28.25,27.20599937438965,27.756000518798828,425494000
2022-03-29,28.5386905670166,28.6560001373291,28.945999145507812,27.979999542236328,28.69499969482422,488984000
2022-03-30,27.576642990112305,27.690000534057617,28.496000289916992,27.503000259399414,28.304000854492188,463487000
2022-03-31,27.174297332763672,27.285999298095703,28.24799919128418,27.270000457763672,27.781999588012695,523440000
2022-04-01,26.602651596069336,26.711999893188477,27.496000289916992,26.267000198364258,27.375,517235000
2022-04-04,27.24799346923828,27.360000610351562,27.558000564575195,26.613000869750977,26.72800064086914,397120000
2022-04-05,25.824848175048828,25.930999755859375,27.319000244140625,25.81999969482422,27.253999710083008,436615000
2022-04-06,24.307085037231445,24.406999588012695,25.299999237060547,24.003000259399414,24.93400001525879,703833000
2022-04-07,24.108898162841797,24.20800018310547,24.722000122070312,23.47800064086914,24.44099998474121,557992000
2022-04-08,23.024354934692383,23.118999481201172,23.92300033569336,23.062000274658203,23.91699981689453,524781000
2022-04-11,21.8272762298584,21.91699981689453,22.31999969482422,21.65999984741211,22.214000701904297,575207000
2022-04-12,21.41596794128418,21.503999710083008,22.725000381469727,21.281999588012695,22.53700065612793,662258000
2022-04-13,22.112104415893555,22.202999114990234,22.5,21.454999923706055,21.72800064086914,516943000
2022-04-14,21.170974731445312,21.257999420166016,22.777000427246094,21.163000106811523,22.5049991607666,569097000
2022-04-18,21.693828582763672,21.783000946044922,22.08799934387207,21.07900047302246,21.200000762939453,525701000
2022-04-19,22.10712432861328,22.197999954223633,22.37299919128418,21.31399917602539,21.719999313354492,512781000
2022-04-20,21.394054412841797,21.48200035095215,22.670000076293945,21.200000762939453,22.517000198364258,468974000
2022-04-21,20.100378036499023,20.183000564575195,22.392000198364258,20.0,21.708999633789062,656209000
2022-04-22,19.43511199951172,19.514999389648438,20.486000061035156,19.5,20.30299949645996,624713000
2022-04-25,19.820528030395508,19.902000427246094,19.94499969482422,19.09600067138672,19.20199966430664,641566000
2022-04-26,18.711088180541992,18.788000106811523,19.788000106811523,18.670000076293945,19.718000411987305,653143000
2022-04-27,18.33961296081543,18.415000915527344,19.16699981689453,18.290000915527344,18.597999572753906,499460000
2022-04-28,19.70101547241211,19.781999588012695,20.03700065612793,18.489999771118164,18.966999053955078,570327000
2022-04-29,18.4710750579834,18.547000885009766,20.128000259399414,18.517000198364258,19.402000427246094,500435000
2022-05-02,19.45303726196289,19.533000946044922,19.573999404907227,18.391000747680664,18.541000366210938,572049000
2022-05-03,19.521753311157227,19.601999282836914,19.825000762939453,19.132999420166016,19.399999618530273,475751000
2022-05-04,20.250755310058594,20.333999633789062,20.399999618530273,18.750999450683594,19.92300033569336,648855000
2022-05-05,18.76685905456543,18.8439998626709,19.924999237060547,18.5,19.867000579833984,626331000
2022-05-06,18.598546981811523,18.674999237060547,19.511999130249023,17.989999771118164,18.736000061035156,633297000
2022-05-09,16.880613327026367,16.950000762939453,18.2549991607666,16.82699966430664,18.034000396728516,644455000
2022-05-10,17.52297592163086,17.594999313354492,18.197999954223633,17.024999618530273,17.68899917602539,761474000
2022-05-11,16.561920166015625,16.6299991607666,17.753000259399414,16.56800079345703,17.347000122070312,670167000
2022-05-12,16.108781814575195,16.174999237060547,16.788000106811523,15.567000389099121,16.2189998626709,708728000
2022-05-13,17.63351821899414,17.70599937438965,17.92799949645996,16.593000411987305,16.788000106811523,670437000
2022-05-16,17.19332504272461,17.263999938964844,17.788000106811523,17.106000900268555,17.509000778198242,521446000
2022-05-17,18.102588653564453,18.177000045776367,18.371000289916992,17.634000778198242,18.073999404907227,585830000
2022-05-18,16.868663787841797,16.937999725341797,18.118000030517578,16.86400032043457,17.704999923706055,545161000
2022-05-19,17.05390167236328,17.124000549316406,17.687000274658203,16.733999252319336,16.937000274658203,621310000
2022-05-20,16.62565803527832,16.694000244140625,17.40999984741211,15.755000114440918,17.332000732421875,739105000
2022-05-23,16.828824996948242,16.898000717163086,16.915000915527344,16.179000854492188,16.27400016784668,639889000
2022-05-24,16.087867736816406,16.15399932861328,16.597000122070312,15.779999732971191,16.510000228881836,588550000
2022-05-25,16.90550422668457,16.975000381469727,17.111000061035156,16.0,16.020000457763672,781132000
2022-05-26,17.777921676635742,17.85099983215332,18.091999053955078,16.02199935913086,16.035999298095703,996575000
2022-05-27,18.733991622924805,18.81100082397461,18.881000518798828,18.100000381469727,18.18600082397461,738379000
2022-05-31,18.59556007385254,18.672000885009766,19.200000762939453,18.350000381469727,18.979999542236328,664100000
2022-06-01,18.24500274658203,18.31999969482422,19.05299949645996,18.121999740600586,18.724000930786133,544514000
2022-06-02,19.511796951293945,19.591999053955078,19.618999481201172,18.197999954223633,18.29199981689453,648656000
2022-06-03,18.64336585998535,18.719999313354492,19.332000732421875,18.52199935913086,19.082000732421875,598779000
2022-06-06,18.709091186523438,18.785999298095703,19.336999893188477,18.56399917602539,19.138999938964844,422406000
2022-06-07,18.848522186279297,18.926000595092773,19.0,18.187999725341797,18.472000122070312,388914000
2022-06-08,18.57558822631836,18.648000717163086,19.18000030517578,18.53499984741211,18.798999786376953,363252000
2022-06-09,17.977916717529297,18.04800033569336,18.933000564575195,18.041000366210938,18.481000900268555,395574000
2022-06-10,16.908084869384766,16.974000930786133,17.69700050354004,16.868999481201172,17.600000381469727,465248000
2022-06-13,15.586240768432617,15.647000312805176,16.312000274658203,15.605999946594238,16.0,604153000
2022-06-14,15.774506568908691,15.836000442504883,16.06599998474121,15.411999702453613,15.730999946594238,469680000
2022-06-15,16.462825775146484,16.527000427246094,16.868000030517578,15.925999641418457,16.094999313354492,563936000
2022-06-16,15.54041862487793,15.60099983215332,15.942000389099121,15.401000022888184,15.859999656677246,545749000
2022-06-17,15.818336486816406,15.880000114440918,15.994999885559082,15.32800006866455,15.64799976348877,630334000
2022-06-21,16.501670837402344,16.56599998474121,17.007999420166016,16.406999588012695,16.475000381469727,483089000
2022-06-22,16.296472549438477,16.360000610351562,16.66200065612793,16.18000030517578,16.22599983215332,437135000
2022-06-23,16.161996841430664,16.225000381469727,16.584999084472656,15.852999687194824,16.518999099731445,463680000
2022-06-24,17.059499740600586,17.125999450683594,17.139999389648438,16.309999465942383,16.5,472153000
2022-06-27,16.803495407104492,16.868999481201172,17.329999923706055,16.625999450683594,17.312000274658203,427968000
2022-06-28,15.919941902160645,15.982000350952148,17.20199966430664,15.944999694824219,16.899999618530273,461149000
2022-06-29,15.481647491455078,15.541999816894531,15.819999694824219,15.170000076293945,15.814000129699707,482352000
2022-06-30,15.100136756896973,15.159000396728516,15.567000389099121,14.862000465393066,15.361000061035156,686070000
2022-07-01,14.466605186462402,14.52299976348877,15.062999725341797,14.392000198364258,14.89900016784668,577610000
2022-07-05,14.905892372131348,14.96399974822998,14.970999717712402,14.055000305175781,14.175000190734863,651397000
2022-07-06,15.071248054504395,15.130000114440918,15.319000244140625,14.788999557495117,15.010000228881836,529066000
2022-07-07,15.796422004699707,15.857999801635742,15.944999694824219,15.388999938964844,15.456000328063965,492903000
2022-07-08,15.776497840881348,15.838000297546387,16.03700065612793,15.388999938964844,15.430000305175781,467972000
2022-07-11,15.093161582946777,15.152000427246094,15.527000427246094,15.038000106811523,15.526000022888184,437321000
2022-07-12,15.023431777954102,15.081999778747559,15.430999755859375,14.876999855041504,15.267999649047852,458483000
2022-07-13,15.105113983154297,15.163999557495117,15.375,14.46500015258789,14.59000015258789,521918000
2022-07-14,15.312307357788086,15.371999740600586,15.472999572753906,14.727999687194824,15.107999801635742,456235000
2022-07-15,15.70079231262207,15.76200008392334,15.781999588012695,15.444999694824219,15.659000396728516,385935000
2022-07-18,16.038476943969727,16.10099983215332,16.89699935913086,16.00200080871582,16.302000045776367,670517000
2022-07-19,16.926013946533203,16.992000579833984,17.110000610351562,16.172000885009766,16.486000061035156,702366000
2022-07-20,17.73784828186035,17.80699920654297,17.933000564575195,16.801000595092773,16.94700050354004,760538000
2022-07-21,17.97990608215332,18.049999237060547,18.143999099731445,17.545000076293945,17.885000228881836,557049000
2022-07-22,17.25174903869629,17.319000244140625,17.966999053955078,17.136999130249023,17.89299964904785,536671000
2022-07-25,16.95789337158203,17.02400016784668,17.124000549316406,16.64900016784668,17.018999099731445,480748000
2022-07-26,16.468799591064453,16.533000946044922,16.91900062561035,16.47800064086914,16.888999938964844,397865000
2022-07-27,17.720918655395508,17.790000915527344,17.93600082397461,16.913000106811523,17.031999588012695,569776000
2022-07-28,17.91416358947754,17.983999252319336,18.139999389648438,17.440000534057617,17.975000381469727,474646000
2022-07-29,18.092470169067383,18.163000106811523,18.243999481201172,17.691999435424805,17.812999725341797,435460000
2022-08-01,18.3693904876709,18.44099998474121,18.84600067138672,17.989999771118164,18.18199920654297,476469000
2022-08-02,18.454059600830078,18.525999069213867,18.937999725341797,18.091999053955078,18.121999740600586,489527000
2022-08-03,18.819637298583984,18.89299964904785,18.968000411987305,18.136999130249023,18.18400001525879,418146000
2022-08-04,19.140384674072266,19.21500015258789,19.27400016784668,18.760000228881836,18.849000930786133,409652000
2022-08-05,18.915264129638672,18.98900032043457,19.229000091552734,18.666000366210938,18.809999465942383,386068000
2022-08-08,17.723909378051758,17.792999267578125,18.23900032043457,17.242000579833984,17.50200080871582,981859000
2022-08-09,17.019651412963867,17.086000442504883,17.44700050354004,16.724000930786133,17.25200080871582,668263000
2022-08-10,18.02672576904297,18.097000122070312,18.118000030517578,17.316999435424805,17.697999954223633,597422000
2022-08-11,17.872329711914062,17.941999435424805,18.707000732421875,17.875999450683594,18.131000518798828,509327000
2022-08-12,18.636348724365234,18.708999633789062,18.718000411987305,17.952999114990234,18.15999984741211,478094000
2022-08-15,18.958097457885742,19.031999588012695,19.163999557495117,18.613000869750977,18.701000213623047,457666000
2022-08-16,18.805688858032227,18.878999710083008,19.142000198364258,18.500999450683594,18.920000076293945,451240000
2022-08-17,18.263797760009766,18.334999084472656,18.687999725341797,18.145000457763672,18.523000717163086,446799000
2022-08-18,18.700105667114258,18.773000717163086,18.864999771118164,18.183000564575195,18.301000595092773,415447000
2022-08-19,17.77968978881836,17.849000930786133,18.520000457763672,17.770000457763672,18.4060001373291,441588000
2022-08-22,16.967853546142578,17.034000396728516,17.558000564575195,16.965999603271484,17.489999771118164,409593000
2022-08-23,17.11428451538086,17.180999755859375,17.46500015258789,16.969999313354492,16.98900032043457,369986000
2022-08-24,17.155128479003906,17.222000122070312,17.4060001373291,16.895000457763672,17.011999130249023,522661000
2022-08-25,17.84343719482422,17.913000106811523,17.94700050354004,16.83300018310547,16.8439998626709,770691000
2022-08-26,16.196861267089844,16.260000228881836,17.923999786376953,16.23699951171875,17.85700035095215,769127000
2022-08-29,15.739641189575195,15.800999641418457,16.33799934387207,15.767000198364258,16.020000457763672,496132000
2022-08-30,15.407936096191406,15.468000411987305,16.038999557495117,15.182000160217285,15.960000038146973,530181000
2022-08-31,15.035385131835938,15.093999862670898,15.539999961853027,14.958999633789062,15.383999824523926,573710000
2022-09-01,13.882882118225098,13.937000274658203,14.380000114440918,13.270000457763672,14.208999633789062,1178865000
2022-09-02,13.59400749206543,13.647000312805176,14.170999526977539,13.590999603271484,14.100000381469727,743157000
2022-09-06,13.412713050842285,13.46500015258789,13.779000282287598,13.35099983215332,13.730999946594238,535751000
2022-09-07,13.66480541229248,13.71399974822998,13.838000297546387,13.345999717712402,13.562999725341797,512657000
2022-09-08,13.939817428588867,13.989999771118164,14.008000373840332,13.369000434875488,13.458999633789062,624873000
2022-09-09,14.3353910446167,14.38700008392334,14.473999977111816,14.12600040435791,14.156999588012695,486612000
2022-09-12,14.452967643737793,14.505000114440918,14.54699993133545,14.197999954223633,14.369000434875488,484159000
2022-09-13,13.083895683288574,13.130999565124512,13.92199993133545,13.098999977111816,13.802000045776367,714956000
2022-09-14,13.080907821655273,13.128000259399414,13.289999961853027,12.913000106811523,13.253999710083008,588507000
2022-09-15,12.882622718811035,12.928999900817871,13.232999801635742,12.789999961853027,13.015000343322754,523625000
2022-09-16,13.150653839111328,13.197999954223633,13.211999893188477,12.616999626159668,12.741999626159668,670751000
2022-09-19,13.333996772766113,13.381999969482422,13.463000297546387,13.010000228881836,13.01200008392334,569685000
2022-09-20,13.128735542297363,13.175999641418457,13.482999801635742,13.057000160217285,13.21500015258789,524818000
2022-09-21,13.213430404663086,13.26099967956543,14.031000137329102,13.109999656677246,13.213000297546387,807679000
2022-09-22,12.51594066619873,12.560999870300293,13.14900016784668,12.428000450134277,13.069999694824219,759162000
2022-09-23,12.471102714538574,12.515999794006348,12.611000061035156,12.256999969482422,12.420000076293945,663309000
2022-09-26,12.184136390686035,12.227999687194824,12.659000396728516,12.21399974822998,12.491000175476074,547343000
2022-09-27,12.368473052978516,12.413000106811523,12.736000061035156,12.258000373840332,12.506999969482422,553854000
2022-09-28,12.690314292907715,12.736000061035156,12.822999954223633,12.354000091552734,12.40999984741211,542414000
2022-09-29,12.176163673400879,12.220000267028809,12.5,11.946000099182129,12.447999954223633,532763000
2022-09-30,12.095454216003418,12.138999938964844,12.633000373840332,12.074999809265137,12.086999893188477,565638000
2022-10-03,12.467117309570312,12.51200008392334,12.678000450134277,12.104999542236328,12.347000122070312,547478000
2022-10-04,13.119766235351562,13.166999816894531,13.220000267028809,12.878999710083008,12.878999710083008,584182000
2022-10-05,13.161616325378418,13.208999633789062,13.321000099182129,12.621000289916992,12.91100025177002,507131000
2022-10-06,13.082901000976562,13.130000114440918,13.656000137329102,13.102999687194824,13.220000267028809,644157000
2022-10-07,12.032681465148926,12.076000213623047,12.670000076293945,12.022000312805176,12.505000114440918,672478000
2022-10-10,11.628135681152344,11.670000076293945,12.12399959564209,11.407999992370605,12.036999702453613,698699000
2022-10-11,11.544439315795898,11.586000442504883,11.845999717712402,11.282999992370605,11.560999870300293,667482000
2022-10-12,11.458746910095215,11.5,11.734999656677246,11.345000267028809,11.579000473022461,492590000
2022-10-13,11.917093276977539,11.960000038146973,12.07800006866455,10.812999725341797,10.970999717712402,850103000
2022-10-14,11.186728477478027,11.22700023651123,12.111000061035156,11.204000473022461,12.057000160217285,713432000
2022-10-17,11.845355987548828,11.887999534606934,11.947999954223633,11.517000198364258,11.517999649047852,580774000
2022-10-18,11.924074172973633,11.967000007629395,12.491999626159668,11.618000030517578,12.343999862670898,659362000
2022-10-19,12.007771492004395,12.050999641418457,12.350000381469727,11.833999633789062,11.878999710083008,523131000
2022-10-20,12.150259017944336,12.194000244140625,12.769000053405762,12.104999542236328,12.11299991607666,652398000
2022-10-21,12.421283721923828,12.465999603271484,12.498000144958496,11.88700008392334,12.097999572753906,609494000
2022-10-24,12.553804397583008,12.598999977111816,12.710000038146973,12.064000129699707,12.508000373840332,517457000
2022-10-25,13.213430404663086,13.26099967956543,13.300000190734863,12.663999557495117,12.694000244140625,505482000
2022-10-26,12.849738121032715,12.895999908447266,13.387999534606934,12.708000183105469,12.869000434875488,532953000
2022-10-27,13.128735542297363,13.175999641418457,13.838000297546387,13.121999740600586,13.630000114440918,583113000
2022-10-28,13.784375190734863,13.833999633789062,13.850000381469727,13.060999870300293,13.104000091552734,521040000
2022-10-31,13.44858455657959,13.496999740600586,13.838000297546387,13.29699993133545,13.777999877929688,486341000
2022-11-01,13.49441909790039,13.543000221252441,13.925000190734863,13.519000053405762,13.810999870300293,432817000
2022-11-02,13.17158031463623,13.218999862670898,14.210000038146973,13.211000442504883,13.850000381469727,672628000
2022-11-03,13.372855186462402,13.420999526977539,13.781000137329102,12.956000328063965,13.043000221252441,500065000
2022-11-04,14.105219841003418,14.156000137329102,14.229000091552734,13.696999549865723,13.986000061035156,612576000
2022-11-07,14.249698638916016,14.300999641418457,14.411999702453613,13.954000473022461,14.227999687194824,410061000
2022-11-08,14.549620628356934,14.60200023651123,14.890999794006348,14.215999603271484,14.800999641418457,595292000
2022-11-09,13.726582527160645,13.776000022888184,14.211000442504883,13.758999824523926,14.161999702453613,454414000
2022-11-10,15.693500518798828,15.75,15.77299976348877,14.54699993133545,14.800000190734863,700819000
2022-11-11,16.2684326171875,16.32699966430664,16.388999938964844,15.482000350952148,15.807000160217285,655487000
2022-11-14,16.236547470092773,16.295000076293945,16.540000915527344,15.92199993133545,16.218000411987305,527852000
2022-11-15,16.606218338012695,16.666000366210938,16.99799919128418,16.381999969482422,16.722000122070312,545876000
2022-11-16,15.852926254272461,15.90999984741211,16.36199951171875,15.873000144958496,16.16200065612793,649547000
2022-11-17,15.620762825012207,15.677000045776367,16.266000747680664,15.53499984741211,15.71500015258789,710894000
2022-11-18,15.353723526000977,15.409000396728516,16.00200080871582,15.119999885559082,15.965999603271484,492072000
2022-11-21,15.262056350708008,15.317000389099121,15.47700023651123,15.079999923706055,15.147000312805176,404739000
2022-11-22,15.980467796325684,16.038000106811523,16.058000564575195,15.121999740600586,15.32800006866455,472866000
2022-11-23,16.45974349975586,16.518999099731445,16.527000427246094,16.04800033569336,16.097999572753906,427241000
2022-11-25,16.211639404296875,16.270000457763672,16.48699951171875,16.172000885009766,16.31800079345703,167934000
2022-11-28,15.770225524902344,15.82699966430664,16.35700035095215,15.725000381469727,16.025999069213867,303741000
2022-11-29,15.582901000976562,15.638999938964844,15.932000160217285,15.520000457763672,15.82699966430664,298384000
2022-11-30,16.866605758666992,16.92300033569336,16.93000030517578,15.597000122070312,15.696999549865723,565298000
2022-12-01,17.07790184020996,17.135000228881836,17.264999389648438,16.635000228881836,16.999000549316406,470977000
2022-12-02,16.819766998291016,16.875999450683594,16.933000564575195,16.44499969482422,16.659000396728516,371389000
2022-12-05,16.55465316772461,16.610000610351562,16.9950008392334,16.472000122070312,16.679000854492188,352255000
2022-12-06,15.93372631072998,15.987000465393066,16.572999954223633,15.819000244140625,16.530000686645508,352694000
2022-12-07,16.066287994384766,16.1200008392334,16.18600082397461,15.666999816894531,15.772000312805176,372388000
2022-12-08,17.111791610717773,17.16900062561035,17.179000854492188,15.958999633789062,16.273000717163086,515456000
2022-12-09,16.944347381591797,17.000999450683594,17.58300018310547,16.975000381469727,17.15999984741211,465338000
2022-12-12,17.4765682220459,17.53499984741211,17.538000106811523,16.797000885009766,17.03700065612793,457328000
2022-12-13,18.011781692504883,18.07200050354004,18.790000915527344,17.711000442504883,18.5310001373291,656589000
2022-12-14,17.6151065826416,17.673999786376953,18.25200080871582,17.420000076293945,17.98699951171875,496888000
2022-12-15,16.895509719848633,16.95199966430664,17.31999969482422,16.700000762939453,17.145999908447266,478542000
2022-12-16,16.515779495239258,16.570999145507812,17.041000366210938,16.40999984741211,16.86400032043457,478232000
2022-12-19,16.19983673095703,16.253999710083008,16.608999252319336,16.145000457763672,16.57200050354004,354039000
2022-12-20,16.031400680541992,16.084999084472656,16.309999465942383,15.85200023651123,16.06399917602539,403260000
2022-12-21,16.446012496948242,16.500999450683594,16.62700080871582,16.101999282836914,16.11400032043457,325025000
2022-12-22,15.287884712219238,15.33899974822998,16.13800048828125,14.881999969482422,16.0939998626709,565045000
2022-12-23,15.155330657958984,15.206000328063965,15.33899974822998,14.883000373840332,15.196000099182129,349326000
2022-12-27,14.073944091796875,14.121000289916992,15.100000381469727,14.055999755859375,15.074000358581543,464902000
2022-12-28,13.989227294921875,14.03600025177002,14.26200008392334,13.883999824523926,13.927000045776367,351066000
2022-12-29,14.554338455200195,14.602999687194824,14.682999610900879,14.22700023651123,14.402000427246094,354923000
2022-12-30,14.565302848815918,14.61400032043457,14.628999710083008,14.232999801635742,14.333999633789062,310490000
2023-01-03,14.267297744750977,14.3149995803833,14.996000289916992,14.095999717712402,14.85099983215332,401277000
2023-01-04,14.699851989746094,14.74899959564209,14.852999687194824,14.241000175476074,14.567000389099121,431324000
2023-01-05,14.217466354370117,14.265000343322754,14.564000129699707,14.14799976348877,14.491000175476074,389168000
2023-01-06,14.809483528137207,14.859000205993652,15.010000228881836,14.034000396728516,14.473999977111816,405044000
2023-01-09,15.575922012329102,15.628000259399414,16.055999755859375,15.140999794006348,15.284000396728516,504231000
2023-01-10,15.855988502502441,15.909000396728516,15.961999893188477,15.472000122070312,15.506999969482422,384101000
2023-01-11,15.947681427001953,16.000999450683594,16.027999877929688,15.562999725341797,15.84000015258789,353285000
2023-01-12,16.455978393554688,16.51099967956543,16.636999130249023,15.491999626159668,16.100000381469727,551409000
2023-01-13,16.84268569946289,16.89900016784668,16.922000885009766,16.165000915527344,16.277999877929688,447287000
2023-01-17,17.64301109313965,17.70199966430664,17.72800064086914,16.89900016784668,16.89900016784668,511102000
2023-01-18,17.3190975189209,17.37700080871582,17.87299919128418,17.281999588012695,17.66699981689453,439624000
2023-01-19,16.70913314819336,16.764999389648438,17.19700050354004,16.731000900268555,17.035999298095703,452932000
2023-01-20,17.77955436706543,17.839000701904297,17.856000900268555,16.825000762939453,17.01099967956543,564967000
2023-01-23,19.129045486450195,19.19300079345703,19.2450008392334,17.81800079345703,18.06399917602539,655163000
2023-01-24,19.200801849365234,19.264999389648438,19.4950008392334,18.81999969482422,18.82699966430664,496204000
2023-01-25,19.25861167907715,19.322999954223633,19.3700008392334,18.579999923706055,18.913000106811523,449537000
2023-01-26,19.736013412475586,19.802000045776367,20.166000366210938,19.277999877929688,19.701000213623047,489535000
2023-01-27,20.29714012145996,20.364999771118164,20.628000259399414,19.405000686645508,19.461999893188477,542142000
2023-01-30,19.0981502532959,19.16200065612793,20.139999389648438,19.149999618530273,19.950000762939453,488611000
2023-01-31,19.471895217895508,19.53700065612793,19.687000274658203,18.950000762939453,19.170000076293945,498017000
2023-02-01,20.873214721679688,20.94300079345703,21.191999435424805,19.611000061035156,19.69099998474121,660477000
2023-02-02,21.636659622192383,21.708999633789062,21.948999404907227,20.700000762939453,21.0,564276000
2023-02-03,21.029687881469727,21.100000381469727,21.7450008392334,20.788999557495117,21.0,429366000
2023-02-06,21.01872444152832,21.089000701904297,21.56999969482422,20.785999298095703,20.805999755859375,452197000
2023-02-07,22.0991153717041,22.17300033569336,22.259000778198242,21.149999618530273,21.381999969482422,664150000
2023-02-08,22.13100814819336,22.204999923706055,22.878000259399414,22.007999420166016,22.386999130249023,559651000
2023-02-09,22.2625675201416,22.336999893188477,23.020000457763672,22.1200008392334,22.606000900268555,523876000
2023-02-10,21.194137573242188,21.264999389648438,22.077999114990234,20.81100082397461,21.690000534057617,550737000
2023-02-13,21.715394973754883,21.788000106811523,22.04800033569336,20.961999893188477,21.538000106811523,474919000
2023-02-14,22.894454956054688,22.97100067138672,23.048999786376953,21.365999221801758,21.577999114990234,675474000
2023-02-15,22.68814468383789,22.763999938964844,22.854999542236328,22.106000900268555,22.548999786376953,420575000
2023-02-16,21.928686141967773,22.00200080871582,22.549999237060547,21.927000045776367,22.132999420166016,412026000
2023-02-17,21.316726684570312,21.38800048828125,21.739999771118164,20.975000381469727,21.631000518798828,465888000
2023-02-21,20.586172103881836,20.655000686645508,21.493999481201172,20.618000030517578,21.0,410015000
2023-02-22,20.684837341308594,20.753999710083008,21.104000091552734,20.42099952697754,20.707000732421875,513184000
2023-02-23,23.585147857666016,23.663999557495117,23.88800048828125,23.024999618530273,23.440000534057617,1117995000
2023-02-24,23.20840072631836,23.285999298095703,23.474000930786133,22.94700050354004,23.225000381469727,589716000
2023-02-27,23.422685623168945,23.500999450683594,23.8799991607666,23.45400047302246,23.670000076293945,452994000
2023-02-28,23.138639450073242,23.215999603271484,23.825000762939453,23.20599937438965,23.371999740600586,455963000
2023-03-01,22.62236785888672,22.697999954223633,23.256000518798828,22.507999420166016,23.191999435424805,460026000
2023-03-02,23.23630714416504,23.31399917602539,23.3799991607666,22.43199920654297,22.488000869750977,389415000
2023-03-03,23.81039047241211,23.889999389648438,23.899999618530273,23.1299991607666,23.31999969482422,412393000
2023-03-06,23.47551727294922,23.554000854492188,24.24799919128418,23.48699951171875,23.891000747680664,437429000
2023-03-07,23.214336395263672,23.288000106811523,24.125,23.240999221801758,23.600000381469727,515154000
2023-03-08,24.10451316833496,24.180999755859375,24.200000762939453,23.423999786376953,23.48699951171875,513573000
2023-03-09,23.361873626708984,23.43600082397461,24.45400047302246,23.382999420166016,24.174999237060547,501257000
2023-03-10,22.892362594604492,22.96500015258789,23.62700080871582,22.72599983215332,23.409000396728516,474866000
2023-03-13,22.89335823059082,22.965999603271484,23.29800033569336,22.297000885009766,22.75200080871582,421890000
2023-03-14,23.986886978149414,24.062999725341797,24.2189998626709,23.459999084472656,23.496000289916992,474910000
2023-03-15,24.1513671875,24.22800064086914,24.285999298095703,23.360000610351562,23.76099967956543,524486000
2023-03-16,25.4602108001709,25.541000366210938,25.58799934387207,23.893999099731445,24.027000427246094,583253000
2023-03-17,25.64362907409668,25.725000381469727,26.39900016784668,25.667999267578125,25.98200035095215,848547000
2023-03-20,25.818078994750977,25.899999618530273,26.02400016784668,25.1299991607666,25.614999771118164,432747000
2023-03-21,26.116132736206055,26.198999404907227,26.392000198364258,25.381000518798828,26.18000030517578,547408000
2023-03-22,26.384281158447266,26.468000411987305,27.589000701904297,26.23699951171875,26.424999237060547,797295000
2023-03-23,27.104997634887695,27.19099998474121,27.499000549316406,26.690000534057617,27.114999771118164,564889000
2023-03-24,26.694297790527344,26.77899932861328,27.16699981689453,26.354999542236328,27.0310001373291,454920000
2023-03-27,26.447080612182617,26.5310001373291,27.0,26.364999771118164,26.836999893188477,361026000
2023-03-28,26.326467514038086,26.40999984741211,26.51300048828125,25.850000381469727,26.44700050354004,356104000
2023-03-29,26.898651123046875,26.983999252319336,27.077999114990234,26.597000122070312,26.825000762939453,393694000
2023-03-30,27.296388626098633,27.382999420166016,27.499000549316406,27.101999282836914,27.229000091552734,364516000
2023-03-31,27.68914031982422,27.777000427246094,27.833999633789062,27.104999542236328,27.139999389648438,433933000
2023-04-03,27.876544952392578,27.96500015258789,28.0,27.336000442504883,27.509000778198242,398716000
2023-04-04,27.366167068481445,27.452999114990234,28.0,27.30699920654297,27.965999603271484,368592000
2023-04-05,26.795978546142578,26.881000518798828,26.99799919128418,26.395000457763672,26.82900047302246,515015000
2023-04-06,26.95148277282715,27.03700065612793,27.079999923706055,26.427000045776367,26.583999633789062,397654000
2023-04-10,27.49176788330078,27.57900047302246,27.621000289916992,26.66900062561035,26.822999954223633,395279000
2023-04-11,27.083065032958984,27.16900062561035,27.790000915527344,27.125999450683594,27.724000930786133,314378000
2023-04-12,26.411195755004883,26.4950008392334,27.468000411987305,26.447999954223633,27.3700008392334,446259000
2023-04-13,26.379297256469727,26.46299934387207,26.886999130249023,26.32900047302246,26.733999252319336,353615000
2023-04-14,26.67336082458496,26.757999420166016,26.882999420166016,26.219999313354492,26.503999710083008,395660000
2023-04-17,26.916593551635742,27.00200080871582,27.006000518798828,26.433000564575195,26.565000534057617,321471000
2023-04-18,27.579490661621094,27.66699981689453,28.110000610351562,27.35700035095215,27.533000946044922,604812000
2023-04-19,27.842653274536133,27.930999755859375,28.0,27.23200035095215,27.361000061035156,358660000
2023-04-20,27.018272399902344,27.104000091552734,28.030000686645508,27.0,27.67099952697754,427713000
2023-04-21,27.03322410583496,27.118999481201172,27.183000564575195,26.722000122070312,26.95199966430664,345103000
2023-04-24,26.95646858215332,27.04199981689453,27.365999221801758,26.67099952697754,27.01300048828125,339282000
2023-04-25,26.15799903869629,26.240999221801758,27.246999740600586,26.225000381469727,27.077999114990234,378527000
2023-04-26,26.87073516845703,26.95599937438965,27.329999923706055,26.704999923706055,27.00200080871582,406337000
2023-04-27,27.13988494873047,27.22599983215332,27.4950008392334,26.625,27.363000869750977,377161000
2023-04-28,27.661231994628906,27.749000549316406,27.757999420166016,27.070999145507812,27.225000381469727,292216000
2023-05-01,28.81855583190918,28.90999984741211,29.058000564575195,27.780000686645508,27.84000015258789,570329000
2023-05-02,28.120773315429688,28.209999084472656,28.836000442504883,28.08300018310547,28.68000030517578,402730000
2023-05-03,27.714061737060547,27.802000045776367,28.367000579833984,27.472000122070312,27.84000015258789,383387000
2023-05-04,27.474821090698242,27.562000274658203,27.858999252319336,27.239999771118164,27.650999069213867,321850000
2023-05-05,28.589284896850586,28.68000030517578,28.7549991607666,27.731000900268555,27.826000213623047,361494000
2023-05-08,29.058792114257812,29.150999069213867,29.219999313354492,28.350000381469727,28.52199935913086,344979000
2023-05-09,28.480628967285156,28.570999145507812,28.972999572753906,28.450000762939453,28.89900016784668,314869000
2023-05-10,28.793638229370117,28.885000228881836,29.113000869750977,28.461000442504883,29.0049991607666,369350000
2023-05-11,28.487606048583984,28.577999114990234,28.950000762939453,28.246000289916992,28.895999908447266,322149000
2023-05-12,28.2503604888916,28.34000015258789,28.780000686645508,28.04599952697754,28.52899932861328,274222000
2023-05-15,28.861421585083008,28.952999114990234,28.9689998626709,28.152000427246094,28.507999420166016,293926000
2023-05-16,29.120595932006836,29.21299934387207,29.8700008392334,28.832000732421875,28.840999603271484,449405000
2023-05-17,30.082544326782227,30.17799949645996,30.198999404907227,29.43000030517578,29.583999633789062,432535000
2023-05-18,31.577802658081055,31.67799949645996,31.827999114990234,30.31999969482422,30.40999984741211,748725000
2023-05-19,31.165115356445312,31.263999938964844,31.579999923706055,30.916000366210938,31.535999298095703,473908000
2023-05-22,31.077388763427734,31.176000595092773,31.520000457763672,30.68000030517578,30.900999069213867,372000000
2023-05-23,30.5909366607666,30.687999725341797,31.288000106811523,30.631000518798828,31.0,356253000
2023-05-24,30.441410064697266,30.538000106811523,30.60700035095215,29.805999755859375,30.209999084472656,721419000
2023-05-25,37.85987091064453,37.97999954223633,39.47999954223633,36.6349983215332,38.52299880981445,1543911000
2023-05-26,38.82281494140625,38.94599914550781,39.16999816894531,37.54999923706055,37.88999938964844,714397000
2023-05-30,39.984130859375,40.111000061035156,41.9379997253418,39.94900131225586,40.595001220703125,923401000
2023-05-31,37.714332580566406,37.83399963378906,40.29499816894531,37.821998596191406,39.487998962402344,1002580000
2023-06-01,39.64420700073242,39.77000045776367,40.04999923706055,38.34000015258789,38.48899841308594,635873000
2023-06-02,39.202613830566406,39.32699966430664,40.5,39.05799865722656,40.09700012207031,482731000
2023-06-05,39.04710388183594,39.17100143432617,39.564998626708984,38.707000732421875,38.909000396728516,396094000
2023-06-06,38.531734466552734,38.65399932861328,39.15999984741211,38.14799880981445,38.83000183105469,388729000
2023-06-07,37.36033248901367,37.474998474121094,39.499000549316406,37.35599899291992,38.915000915527344,511998000
2023-06-08,38.39216232299805,38.5099983215332,38.86399841308594,37.505001068115234,37.7239990234375,417772000
2023-06-09,38.651363372802734,38.77000045776367,39.71099853515625,38.56700134277344,39.0369987487793,427717000
2023-06-12,39.36119079589844,39.481998443603516,39.529998779296875,38.61800003051758,39.20000076293945,388701000
2023-06-13,40.896480560302734,41.02199935913086,41.10100173950195,39.7400016784668,40.18600082397461,613208000
2023-06-14,42.86543655395508,42.99700164794922,43.0,40.551998138427734,40.82400131225586,740465000
2023-06-15,42.52248764038086,42.65299987792969,43.28900146484375,42.14699935913086,42.60200119018555,568622000
2023-06-16,42.561370849609375,42.69200134277344,43.72100067138672,42.6609992980957,43.45000076293945,655709000
2023-06-20,43.673954010009766,43.80799865722656,43.9900016784668,42.67399978637695,42.99800109863281,451153000
2023-06-21,42.91328811645508,43.04499816894531,43.6150016784668,42.08000183105469,43.500999450683594,551603000
2023-06-22,42.89335250854492,43.025001525878906,43.42599868774414,42.23400115966797,42.25299835205078,417737000
2023-06-23,42.0798454284668,42.20899963378906,42.808998107910156,42.01499938964844,42.4640007019043,358140000
2023-06-26,40.50766372680664,40.63199996948242,42.763999938964844,40.099998474121094,42.46099853515625,594322000
2023-06-27,41.747867584228516,41.875999450683594,41.939998626708984,40.448001861572266,40.79899978637695,462175000
2023-06-28,40.991188049316406,41.117000579833984,41.845001220703125,40.518001556396484,40.65999984741211,582639000
2023-06-29,40.697086334228516,40.821998596191406,41.599998474121094,40.599998474121094,41.55799865722656,380514000
2023-06-30,42.17256164550781,42.301998138427734,42.54999923706055,41.500999450683594,41.68000030517578,501148000
2023-07-03,42.28322219848633,42.41299819946289,42.89799880981445,42.20199966430664,42.516998291015625,198209000
2023-07-05,42.187522888183594,42.31700134277344,43.176998138427734,42.084999084472656,42.1349983215332,323618000
2023-07-06,41.97417449951172,42.10300064086914,42.17900085449219,41.34600067138672,41.84400177001953,303582000
2023-07-07,42.37294387817383,42.50299835205078,43.2140007019043,42.18000030517578,42.321998596191406,355881000
2023-07-10,42.050933837890625,42.18000030517578,42.81100082397461,41.64899826049805,42.65700149536133,353908000
2023-07-11,42.27524185180664,42.404998779296875,42.757999420166016,42.06700134277344,42.48099899291992,298244000
2023-07-12,43.767662048339844,43.902000427246094,43.935001373291016,42.777000427246094,43.03300094604492,481277000
2023-07-13,45.8363151550293,45.97700119018555,46.154998779296875,44.492000579833984,44.518001556396484,478204000
2023-07-14,45.32987594604492,45.46900177001953,48.0880012512207,45.060001373291016,46.58300018310547,772075000
2023-07-17,46.31883239746094,46.46099853515625,46.49599838256836,45.262001037597656,46.28900146484375,510488000
2023-07-18,47.34867477416992,47.49399948120117,47.895999908447266,45.73400115966797,46.70100021362305,569164000
2023-07-19,46.932945251464844,47.07699966430664,47.81800079345703,46.742000579833984,47.4640007019043,427502000
2023-07-20,45.380714416503906,45.52000045776367,47.08700180053711,45.0620002746582,46.50699996948242,537865000
2023-07-21,44.17341995239258,44.308998107910156,45.86600112915039,44.099998474121094,45.78799819946289,963769000
2023-07-24,44.47549819946289,44.61199951171875,45.10900115966797,44.040000915527344,44.73099899291992,382516000
2023-07-25,45.53923034667969,45.67900085449219,46.18299865722656,44.92300033569336,44.941001892089844,348081000
2023-07-26,45.312923431396484,45.45199966430664,46.053001403808594,44.630001068115234,46.020999908447266,364237000
2023-07-27,45.759552001953125,45.900001525878906,47.39500045776367,45.75,46.51900100708008,455976000
2023-07-28,46.606956481933594,46.75,47.027000427246094,46.38100051879883,46.667999267578125,331194000
2023-07-31,46.58600997924805,46.729000091552734,47.130001068115234,46.50600051879883,46.75400161743164,251055000
2023-08-01,46.36469268798828,46.50699996948242,46.900001525878906,46.027000427246094,46.459999084472656,237858000
2023-08-02,44.13355255126953,44.26900100708008,45.84000015258789,43.387001037597656,45.83100128173828,530142000
2023-08-03,44.37879943847656,44.51499938964844,45.11800003051758,43.79999923706055,43.79999923706055,324176000
2023-08-04,44.54328918457031,44.68000030517578,45.641998291015625,44.393001556396484,44.98500061035156,362666000
2023-08-07,45.27802658081055,45.41699981689453,45.540000915527344,44.5629997253418,45.111000061035156,322154000
2023-08-08,44.52733612060547,44.66400146484375,45.242000579833984,44.055999755859375,44.85300064086914,353843000
2023-08-09,42.423789978027344,42.55400085449219,44.3120002746582,42.13399887084961,44.27399826049805,586449000
2023-08-10,42.25830078125,42.38800048828125,43.57400131225586,41.834999084472656,42.15999984741211,492705000
2023-08-11,40.729984283447266,40.85499954223633,42.018001556396484,40.638999938964844,41.750999450683594,533085000
2023-08-14,43.61912536621094,43.75299835205078,43.79999923706055,40.31100082397461,40.486000061035156,690286000
2023-08-15,43.805545806884766,43.939998626708984,45.268001556396484,43.709999084472656,44.560001373291016,676512000
2023-08-16,43.352943420410156,43.486000061035156,44.67499923706055,43.40599822998047,44.52000045776367,527451000
2023-08-17,43.21137619018555,43.34400177001953,44.0620002746582,43.000999450683594,43.970001220703125,452395000
2023-08-18,43.16651153564453,43.29899978637695,43.577999114990234,41.65999984741211,42.6349983215332,583768000
2023-08-21,46.82329177856445,46.96699905395508,47.064998626708984,44.22200012207031,44.49399948120117,692573000
2023-08-22,45.52826690673828,45.667999267578125,48.1870002746582,45.33300018310547,48.1349983215332,755293000
2023-08-23,46.971832275390625,47.11600112915039,47.20000076293945,45.20800018310547,45.86600112915039,779046000
2023-08-24,47.0186882019043,47.16299819946289,50.26599884033203,47.159000396728516,50.215999603271484,1156044000
2023-08-25,45.87718963623047,46.018001556396484,47.80500030517578,45.02399826049805,47.012001037597656,925341000
2023-08-28,46.69169616699219,46.834999084472656,46.97999954223633,44.88800048828125,46.481998443603516,685192000
2023-08-29,48.63473129272461,48.784000396728516,49.08100128173828,46.39099884033203,46.66600036621094,701397000
2023-08-30,49.11325454711914,49.263999938964844,49.926998138427734,48.42499923706055,49.04399871826172,735206000
2023-08-31,49.2039794921875,49.35499954223633,49.74399948120117,48.95800018310547,49.380001068115234,528570000
2023-09-01,48.36056900024414,48.50899887084961,49.79999923706055,48.141998291015625,49.762001037597656,463830000
2023-09-05,48.39945602416992,48.54800033569336,48.85100173950195,47.86000061035156,48.222999572753906,382653000
2023-09-06,46.92085647583008,47.06100082397461,48.54899978637695,46.58000183105469,48.441001892089844,468670000
2023-09-07,46.103302001953125,46.24100112915039,46.34400177001953,45.152000427246094,45.525001525878906,433330000
2023-09-08,45.43629455566406,45.571998596191406,46.60599899291992,45.270999908447266,45.94200134277344,473069000
2023-09-11,45.043479919433594,45.178001403808594,46.16299819946289,44.3120002746582,46.14799880981445,473966000
2023-09-12,44.736385345458984,44.869998931884766,45.67300033569336,44.53099822998047,44.737998962402344,349256000
2023-09-13,45.34956359863281,45.48500061035156,45.93000030517578,44.50299835205078,44.599998474121094,398355000
2023-09-14,45.445274353027344,45.58100128173828,45.98699951171875,45.13100051879883,45.95000076293945,370097000
2023-09-15,43.7692756652832,43.900001525878906,45.5989990234375,43.80799865722656,45.340999603271484,506831000
2023-09-18,43.835079193115234,43.965999603271484,44.242000579833984,42.0,42.74800109863281,500271000
2023-09-19,43.39041519165039,43.52000045776367,43.965999603271484,43.00199890136719,43.83300018310547,373064000
2023-09-20,42.11322021484375,42.23899841308594,43.90299987792969,42.222999572753906,43.599998474121094,367108000
2023-09-21,40.89486312866211,41.016998291015625,42.099998474121094,40.97999954223633,41.58300018310547,450736000
2023-09-22,41.48609924316406,41.61000061035156,42.1150016784668,41.23099899291992,41.571998596191406,479236000
2023-09-25,42.09627914428711,42.22200012207031,42.5359992980957,41.176998138427734,41.590999603271484,419091000
2023-09-26,41.786197662353516,41.9109992980957,42.81999969482422,41.654998779296875,42.000999450683594,402282000
2023-09-27,42.3415412902832,42.46799850463867,42.87200164794922,41.62900161743164,42.33000183105469,444935000
2023-09-28,42.960693359375,43.0890007019043,43.44599914550781,42.1150016784668,42.459999084472656,424663000
2023-09-29,43.369468688964844,43.499000549316406,44.14400100708008,43.30699920654297,43.82699966430664,397830000
2023-10-02,44.64864730834961,44.78200149536133,45.17499923706055,43.861000061035156,44.029998779296875,433298000
2023-10-03,43.387420654296875,43.516998291015625,45.130001068115234,43.24599838256836,44.80799865722656,470850000
2023-10-04,43.90985870361328,44.04100036621094,44.143001556396484,43.29199981689453,43.742000579833984,361821000
2023-10-05,44.554935455322266,44.6879997253418,44.900001525878906,43.88800048828125,44.04999923706055,393483000
2023-10-06,45.625736236572266,45.762001037597656,45.78900146484375,44.0260009765625,44.19300079345703,434436000
2023-10-09,45.138179779052734,45.27299880981445,45.60499954223633,44.36800003051758,44.84199905395508,409675000
2023-10-10,45.661624908447266,45.79800033569336,46.25899887084961,45.0880012512207,45.310001373291016,368582000
2023-10-11,46.6666259765625,46.805999755859375,46.85900115966797,46.04999923706055,46.19599914550781,378137000
2023-10-12,46.805206298828125,46.94499969482422,47.60900115966797,46.33000183105469,46.777000427246094,481325000
2023-10-13,45.325626373291016,45.46099853515625,47.11600112915039,45.279998779296875,46.959999084472656,474115000
2023-10-16,45.95774841308594,46.095001220703125,46.224998474121094,44.9119987487793,45.0629997253418,375099000
2023-10-17,43.80716323852539,43.9379997253418,44.75400161743164,42.47999954223633,44.0,812333000
2023-10-18,42.07034683227539,42.19599914550781,43.21900177001953,41.82500076293945,42.590999603271484,627294000
2023-10-19,41.97563934326172,42.10100173950195,43.297000885009766,41.88199996948242,42.81100082397461,501233000
2023-10-20,41.263763427734375,41.387001037597656,42.470001220703125,41.077999114990234,41.88999938964844,477266000
2023-10-23,42.84703826904297,42.974998474121094,43.24800109863281,40.94499969482422,41.229000091552734,478530000
2023-10-24,43.53297805786133,43.66299819946289,43.696998596191406,42.691001892089844,43.07699966430664,401463000
2023-10-25,41.65459060668945,41.77899932861328,43.650001525878906,41.55500030517578,43.39799880981445,398379000
2023-10-26,40.2059211730957,40.32600021362305,42.25600051879883,39.880001068115234,41.85300064086914,541001000
2023-10-27,40.37940216064453,40.5,41.20600128173828,40.01499938964844,41.130001068115234,416784000
2023-10-30,41.03843307495117,41.1609992980957,41.76599884033203,40.48099899291992,41.08700180053711,388028000
2023-10-31,40.6585693359375,40.779998779296875,40.87900161743164,39.22999954223633,40.45000076293945,517969000
2023-11-01,42.19896697998047,42.32500076293945,42.38100051879883,40.86899948120117,40.88399887084961,437593000
2023-11-02,43.37644958496094,43.50600051879883,43.88399887084961,42.89400100708008,43.327999114990234,409172000
2023-11-03,44.87098693847656,45.005001068115234,45.308998107910156,43.722999572753906,44.02000045776367,424610000
2023-11-06,45.61476516723633,45.750999450683594,45.935001373291016,44.89899826049805,45.28499984741211,400733000
2023-11-07,45.81815719604492,45.95500183105469,46.21799850463867,45.15800094604492,45.71900177001953,343165000
2023-11-08,46.4353141784668,46.57400131225586,46.867000579833984,45.96799850463867,46.099998474121094,346719000
2023-11-09,46.81019592285156,46.95000076293945,48.22999954223633,46.75,47.46699905395508,540496000
2023-11-10,48.191070556640625,48.334999084472656,48.47200012207031,47.28300094604492,47.5,421245000
2023-11-13,48.475223541259766,48.619998931884766,49.11600112915039,48.0989990234375,48.31999969482422,384136000
2023-11-14,49.50812911987305,49.65599822998047,49.83399963378906,49.040000915527344,49.68000030517578,416954000
2023-11-15,48.7424201965332,48.88800048828125,49.959999084472656,48.20000076293945,49.935001373291016,475497000
2023-11-16,49.332664489746094,49.47999954223633,49.525001525878906,48.33000183105469,48.67900085449219,339756000
2023-11-17,49.15120315551758,49.29800033569336,49.71699905395508,49.00699996948242,49.52399826049805,325205000
2023-11-20,50.25889587402344,50.409000396728516,50.54800033569336,49.180999755859375,49.3120002746582,414120000
2023-11-21,49.7952766418457,49.944000244140625,50.516998291015625,49.22200012207031,50.125999450683594,565747000
2023-11-22,48.5709342956543,48.715999603271484,50.334999084472656,47.689998626708984,49.85200119018555,899420000
2023-11-24,47.63373565673828,47.7760009765625,48.92100143432617,47.744998931884766,48.470001220703125,294645000
2023-11-27,48.09834671020508,48.242000579833984,48.529998779296875,47.652000427246094,47.79999923706055,395662000
2023-11-28,47.67859649658203,47.82099914550781,48.323001861572266,47.472999572753906,48.236000061035156,401491000
2023-11-29,47.99665832519531,48.13999938964844,48.762001037597656,47.86000061035156,48.37900161743164,382005000
2023-11-30,46.6307373046875,46.77000045776367,48.11000061035156,46.422000885009766,48.02399826049805,526247000
2023-12-01,46.62574768066406,46.76499938964844,47.20000076293945,46.1870002746582,46.525001525878906,369317000
2023-12-04,45.37447738647461,45.5099983215332,46.07699966430664,45.0099983215332,46.07699966430664,437543000
2023-12-05,46.43142318725586,46.566001892089844,46.599998474121094,45.270999908447266,45.465999603271484,371718000
2023-12-06,45.371490478515625,45.50299835205078,47.387001037597656,45.4119987487793,47.21500015258789,380590000
2023-12-07,46.461341857910156,46.59600067138672,46.62900161743164,45.604000091552734,45.70000076293945,350823000
2023-12-08,47.36870574951172,47.50600051879883,47.74100112915039,46.54999923706055,46.595001220703125,359224000
2023-12-11,46.492244720458984,46.62699890136719,47.53099822998047,45.83000183105469,47.49100112915039,509728000
2023-12-12,47.51927185058594,47.65700149536133,47.66600036621094,46.04600143432617,46.04600143432617,372387000
2023-12-13,47.949031829833984,48.0880012512207,48.59400177001953,47.608001708984375,47.62900161743164,447792000
2023-12-14,48.210269927978516,48.349998474121094,48.66999816894531,47.422000885009766,48.38999938964844,391232000
2023-12-15,48.74870300292969,48.88999938964844,49.40399932861328,48.119998931884766,48.194000244140625,479948000
2023-12-18,49.93227005004883,50.07699966430664,50.43299865722656,49.150001525878906,49.400001525878906,412587000
2023-12-19,49.46064376831055,49.604000091552734,49.70000076293945,48.89500045776367,49.42399978637695,464444000
2023-12-20,47.97195053100586,48.111000061035156,49.999000549316406,48.097999572753906,49.654998779296875,397894000
2023-12-21,48.84841537475586,48.9900016784668,49.095001220703125,48.41899871826172,48.81100082397461,300425000
2023-12-22,48.688880920410156,48.83000183105469,49.382999420166016,48.46699905395508,49.19499969482422,252507000
2023-12-26,49.13658142089844,49.27899932861328,49.599998474121094,48.959999084472656,48.96799850463867,244200000
2023-12-27,49.2741813659668,49.41699981689453,49.68000030517578,49.084999084472656,49.51100158691406,233648000
2023-12-28,49.378875732421875,49.52199935913086,49.88399887084961,49.4119987487793,49.643001556396484,246587000
2023-12-29,49.378875732421875,49.52199935913086,49.99700164794922,48.750999450683594,49.8129997253418,389293000
2024-01-02,48.02878952026367,48.167999267578125,49.29499816894531,47.595001220703125,49.24399948120117,411254000
2024-01-03,47.431522369384766,47.569000244140625,48.183998107910156,47.31999969482422,47.48500061035156,320896000
2024-01-04,47.859291076660156,47.99800109863281,48.5,47.507999420166016,47.766998291015625,306535000
2024-01-05,48.95510482788086,49.09700012207031,49.547000885009766,48.305999755859375,48.46200180053711,415039000
2024-01-08,52.101993560791016,52.25299835205078,52.275001525878906,49.479000091552734,49.512001037597656,642510000
2024-01-09,52.986427307128906,53.13999938964844,54.32500076293945,51.689998626708984,52.4010009765625,773100000
2024-01-10,54.19292449951172,54.349998474121094,54.599998474121094,53.48899841308594,53.61600112915039,533796000
2024-01-11,54.6635627746582,54.821998596191406,55.34600067138672,53.560001373291016,54.999000549316406,596759000
2024-01-12,54.55188751220703,54.709999084472656,54.970001220703125,54.33000183105469,54.619998931884766,352994000
2024-01-16,56.21904754638672,56.38199996948242,56.834999084472656,54.900001525878906,55.018001556396484,449580000
2024-01-17,55.89100646972656,56.053001403808594,56.47100067138672,54.7400016784668,56.34700012207031,474394000
2024-01-18,56.94195556640625,57.106998443603516,57.599998474121094,56.106998443603516,57.2599983215332,491650000
2024-01-19,59.319068908691406,59.49100112915039,59.5,57.224998474121094,57.98899841308594,543501000
2024-01-22,59.48160171508789,59.65399932861328,60.33100128173828,59.06999969482422,60.04899978637695,452955000
2024-01-23,59.69996643066406,59.87300109863281,59.90999984741211,58.584999084472656,59.56999969482422,294654000
2024-01-24,61.184669494628906,61.36199951171875,62.8489990234375,59.9379997253418,60.30400085449219,560271000
2024-01-25,61.43891906738281,61.617000579833984,62.71900177001953,60.849998474121094,62.349998474121094,482777000
2024-01-26,60.854618072509766,61.03099822998047,61.78300094604492,60.573001861572266,60.959999084472656,390309000
2024-01-29,62.28447341918945,62.46500015258789,62.48899841308594,60.90700149536133,61.231998443603516,348733000
2024-01-30,62.59257507324219,62.77399826049805,63.49300003051758,62.2599983215332,62.900001525878906,410735000
2024-01-31,61.34918212890625,61.527000427246094,62.26900100708008,60.70000076293945,61.439998626708984,453795000
2024-02-01,62.8448486328125,63.027000427246094,63.191001892089844,61.650001525878906,62.099998474121094,369146000
2024-02-02,65.96878814697266,66.16000366210938,66.5999984741211,63.689998626708984,63.9739990234375,476578000
2024-02-05,69.13162994384766,69.33200073242188,69.49700164794922,67.20500183105469,68.2249984741211,680078000
2024-02-06,68.02584075927734,68.2229995727539,69.75399780273438,66.30000305175781,69.62999725341797,683111000
2024-02-07,69.89640808105469,70.0989990234375,70.22000122070312,67.5999984741211,68.31900024414062,495575000
2024-02-08,69.43972778320312,69.64099884033203,70.79399871826172,69.45500183105469,70.0739974975586,414422000
2024-02-09,71.92453002929688,72.13300323486328,72.18499755859375,70.21199798583984,70.53299713134766,436637000
2024-02-12,72.03919982910156,72.24800109863281,74.61100006103516,71.25,72.5999984741211,613710000
2024-02-13,71.91954803466797,72.12799835205078,73.44999694824219,69.62000274658203,70.4000015258789,602580000
2024-02-14,73.6864242553711,73.9000015258789,74.23600006103516,71.93800354003906,73.2020034790039,504917000
2024-02-15,72.44801330566406,72.65799713134766,73.9749984741211,72.4000015258789,73.86900329589844,420122000
2024-02-16,72.40313720703125,72.61299896240234,74.4020004272461,72.5009994506836,74.0999984741211,495327000
2024-02-20,69.25127410888672,69.4520034790039,71.95600128173828,67.73400115966797,71.9469985961914,704833000
2024-02-21,67.2770004272461,67.47200012207031,68.88800048828125,66.24800109863281,68.00599670410156,673755000
2024-02-22,78.31101989746094,78.53800201416016,78.57499694824219,74.22000122070312,75.0250015258789,865100000
2024-02-23,78.58921813964844,78.81700134277344,82.39399719238281,77.56999969482422,80.79000091552734,829388000
2024-02-26,78.8634262084961,79.09200286865234,80.64600372314453,78.50499725341797,79.69999694824219,503973000
2024-02-27,78.47354888916016,78.70099639892578,79.4800033569336,77.16200256347656,79.38099670410156,391705000
2024-02-28,77.43856811523438,77.66300201416016,78.93299865722656,77.125,77.62000274658203,393110000
2024-02-29,78.88336181640625,79.11199951171875,79.98999786376953,78.3499984741211,79.09400177001953,507289000
2024-03-01,82.04121398925781,82.27899932861328,82.30000305175781,79.43499755859375,80.0,479135000
2024-03-04,84.99064636230469,85.23699951171875,87.69499969482422,83.71900177001953,84.12999725341797,615616000
2024-03-05,85.71958923339844,85.96399688720703,86.09700012207031,83.41699981689453,85.2699966430664,520639000
2024-03-06,88.44779205322266,88.69999694824219,89.7239990234375,87.02999877929688,88.02200317382812,582520000
2024-03-07,92.405517578125,92.66899871826172,92.76699829101562,89.60199737548828,90.15799713134766,608119000
2024-03-08,87.27913665771484,87.52799987792969,97.4000015258789,86.50599670410156,95.13800048828125,1142269000
2024-03-11,85.53012084960938,85.77400207519531,88.7969970703125,84.16600036621094,86.42900085449219,678364000
2024-03-12,91.65166473388672,91.91300201416016,91.95999908447266,86.1500015258789,88.04900360107422,668075000
2024-03-13,90.62958526611328,90.88800048828125,91.50399780273438,88.43499755859375,91.05500030517578,635713000
2024-03-14,87.69396209716797,87.94400024414062,90.64600372314453,86.5999984741211,89.5770034790039,602318000
2024-03-15,87.58726501464844,87.83699798583984,89.5459976196289,86.25700378417969,86.93000030517578,642086000
2024-03-18,88.20350646972656,88.45500183105469,92.40499877929688,87.08499908447266,90.38800048828125,668976000
2024-03-19,89.14381408691406,89.39800262451172,90.54399871826172,85.01000213623047,86.69999694824219,672171000
2024-03-20,90.11504364013672,90.37200164794922,90.41000366210938,88.2229995727539,89.7969970703125,479063000
2024-03-21,91.17501831054688,91.43499755859375,92.64800262451172,90.40499877929688,92.30000305175781,480372000
2024-03-22,94.02091979980469,94.28900146484375,94.77799987792969,90.83399963378906,91.14099884033203,586719000
2024-03-25,94.73188018798828,95.00199890136719,96.76599884033203,93.51000213623047,93.94100189208984,552136000
2024-03-26,92.29782104492188,92.56099700927734,96.375,92.50199890136719,95.85099792480469,513648000
2024-03-27,89.99340057373047,90.25,93.23999786376953,89.12300109863281,93.11199951171875,586067000
2024-03-28,90.09910583496094,90.35600280761719,91.30000305175781,89.19300079345703,90.0,435212000
2024-04-01,90.1060791015625,90.36299896240234,92.2249984741211,89.2040023803711,90.29900360107422,452441000
2024-04-02,89.19766998291016,89.4520034790039,90.09400177001953,87.62000274658203,88.447998046875,433064000
2024-04-03,88.71104431152344,88.96399688720703,90.3740005493164,88.4000015258789,88.48400115966797,370067000
2024-04-04,85.66073608398438,85.90499877929688,90.63400268554688,85.87999725341797,90.40599822998047,434965000
2024-04-05,87.75777435302734,88.00800323486328,88.48100280761719,85.9260025024414,86.86599731445312,399678000
2024-04-08,86.88525390625,87.13300323486328,88.83000183105469,86.73200225830078,88.69999694824219,283220000
2024-04-09,85.1113052368164,85.35399627685547,87.63500213623047,83.02200317382812,87.44200134277344,501700000
2024-04-10,86.79153442382812,87.03900146484375,87.4000015258789,83.70899963378906,83.9260025024414,431929000
2024-04-11,90.35836029052734,90.61599731445312,90.73899841308594,86.9260025024414,87.41999816894531,431637000
2024-04-12,87.93526458740234,88.18599700927734,90.17500305175781,87.52999877929688,89.6989974975586,426805000
2024-04-15,85.75646209716797,86.0009994506836,90.61299896240234,85.92900085449219,89.0979995727539,443077000
2024-04-16,87.16644287109375,87.41500091552734,88.11799621582031,86.06400299072266,86.43299865722656,370453000
2024-04-17,83.79606628417969,84.03500366210938,88.7750015258789,83.94999694824219,88.33999633789062,495400000
2024-04-18,84.43025207519531,84.6709976196289,86.19000244140625,82.4020004272461,84.97000122070312,447260000
2024-04-19,75.98333740234375,76.19999694824219,84.3239974975586,75.60600280761719,83.1500015258789,875198000
2024-04-22,79.29190826416016,79.51799774169922,80.072998046875,76.4000015258789,78.10399627685547,596341000
2024-04-23,82.18865966796875,82.4229965209961,82.76899719238281,80.26399993896484,80.76899719238281,438559000
2024-04-24,79.45045471191406,79.677001953125,84.08200073242188,79.18299865722656,83.94999694824219,512208000
2024-04-25,82.39705657958984,82.63200378417969,83.322998046875,78.2229995727539,78.86799621582031,424641000
2024-04-26,87.48554229736328,87.73500061035156,88.33100128173828,83.38700103759766,83.81800079345703,551011000
2024-04-29,87.50748443603516,87.75700378417969,87.99199676513672,85.26599884033203,87.59500122070312,388971000
2024-04-30,86.15634155273438,86.4020004272461,88.81900024414062,86.30000305175781,87.23999786376953,363709000
2024-05-01,82.80488586425781,83.04100036621094,86.0,81.25499725341797,85.0770034790039,559863000
2024-05-02,85.572998046875,85.81700134277344,86.23699951171875,83.19999694824219,84.4489974975586,377898000
2024-05-03,88.53654479980469,88.78900146484375,89.28099822998047,87.04000091552734,87.78900146484375,398341000
2024-05-06,91.87802124023438,92.13999938964844,92.22000122070312,89.05500030517578,89.38999938964844,376203000
2024-05-07,90.29652404785156,90.55400085449219,91.78099822998047,89.01100158691406,91.0979995727539,437342000
2024-05-08,90.15493774414062,90.41200256347656,91.19400024414062,89.41999816894531,89.48300170898438,325721000
2024-05-09,88.49467468261719,88.74700164794922,91.0719985961914,88.23100280761719,90.52899932861328,378013000
2024-05-10,89.62244415283203,89.87799835205078,91.4010009765625,89.22699737548828,90.30500030517578,335325000
2024-05-13,90.1419677734375,90.39900207519531,90.99800109863281,88.52899932861328,90.47799682617188,289680000
2024-05-14,91.09626007080078,91.35600280761719,91.6510009765625,88.93399810791016,89.5989990234375,296507000
2024-05-15,94.36094665527344,94.62999725341797,94.86199951171875,91.5989990234375,92.47200012207031,417735000
2024-05-16,94.09071350097656,94.35900115966797,95.81900024414062,94.10299682617188,94.91000366210938,323952000
2024-05-17,92.2160415649414,92.47899627685547,94.73999786376953,91.80599975585938,94.36900329589844,359691000
2024-05-20,94.51050567626953,94.77999877929688,95.19999694824219,93.44000244140625,93.75,318764000
2024-05-21,95.11478424072266,95.38600158691406,95.4000015258789,93.18000030517578,93.5989990234375,328946000
2024-05-22,94.68002319335938,94.94999694824219,96.0199966430664,93.2490005493164,95.45899963378906,548648000
2024-05-23,103.50387573242188,103.79900360107422,106.31999969482422,101.5199966430664,102.02799987792969,835065000
2024-05-24,106.1662826538086,106.46900177001953,106.4749984741211,103.0,104.4489974975586,429494000
2024-05-28,113.5771484375,113.9010009765625,114.93900299072266,109.88300323486328,110.24400329589844,652728000
2024-05-29,114.49851989746094,114.82499694824219,115.49199676513672,110.9010009765625,113.05000305175781,557442000
2024-05-30,110.1858139038086,110.5,115.81900024414062,109.66300201416016,114.6500015258789,484553000
2024-05-31,109.3212890625,109.63300323486328,112.71700286865234,106.94000244140625,112.5199966430664,613263000
2024-06-03,114.67301177978516,115.0,115.0,112.00299835205078,113.62100219726562,438392000
2024-06-04,116.1059341430664,116.43699645996094,116.5999984741211,114.04499816894531,115.71600341796875,403324000
2024-06-05,122.09188079833984,122.44000244140625,122.4489974975586,117.46800231933594,118.37100219726562,528402000
2024-06-06,120.65396118164062,120.99800109863281,125.58699798583984,118.31999969482422,124.0479965209961,664696000
2024-06-07,120.5442886352539,120.88800048828125,121.69200134277344,118.02200317382812,119.7699966430664,412386000
2024-06-10,121.44371032714844,121.79000091552734,123.0999984741211,117.01000213623047,120.37000274658203,313434100
2024-06-11,120.57613372802734,120.91000366210938,122.87000274658203,118.73999786376953,121.7699966430664,222551200
2024-06-12,124.8542709350586,125.19999694824219,126.87999725341797,122.56999969482422,123.05999755859375,299595000
2024-06-13,129.2520751953125,129.61000061035156,129.8000030517578,127.16000366210938,129.38999938964844,260704500
2024-06-14,131.51583862304688,131.8800048828125,132.83999633789062,128.32000732421875,129.9600067138672,309320400
2024-06-17,130.61831665039062,130.97999572753906,133.72999572753906,129.5800018310547,132.99000549316406,288504400
2024-06-18,135.20559692382812,135.5800018310547,136.3300018310547,130.69000244140625,131.13999938964844,294335100
2024-06-20,130.41888427734375,130.77999877929688,140.75999450683594,129.52000427246094,139.8000030517578,517768400
2024-06-21,126.2204818725586,126.56999969482422,130.6300048828125,124.30000305175781,127.12000274658203,649445800
2024-06-24,117.78384399414062,118.11000061035156,124.45999908447266,118.04000091552734,123.23999786376953,476060900
2024-06-25,125.7418212890625,126.08999633789062,126.5,119.31999969482422,121.19999694824219,414192600
2024-06-26,126.05096435546875,126.4000015258789,128.1199951171875,122.5999984741211,126.12999725341797,362975900
2024-06-27,123.6476058959961,123.98999786376953,126.41000366210938,122.91999816894531,124.0999984741211,252571700
2024-06-28,123.19886779785156,123.54000091552734,127.70999908447266,122.75,124.58000183105469,315516700
2024-07-01,123.9567642211914,124.30000305175781,124.83999633789062,118.83000183105469,123.47000122070312,284885500
2024-07-02,122.33126831054688,122.66999816894531,123.41000366210938,121.02999877929688,121.12999725341797,218374000
2024-07-03,127.9257583618164,128.27999877929688,128.27999877929688,121.36000061035156,121.66000366210938,215749000
2024-07-05,125.48255920410156,125.83000183105469,128.85000610351562,125.68000030517578,127.37999725341797,214176700
2024-07-08,127.84598541259766,128.1999969482422,130.77000427246094,127.04000091552734,127.48999786376953,237677300
2024-07-09,131.0172119140625,131.3800048828125,133.82000732421875,128.64999389648438,130.35000610351562,285366600
2024-07-10,134.53749084472656,134.91000366210938,135.10000610351562,132.4199981689453,134.02999877929688,248978600
2024-07-11,127.0481948852539,127.4000015258789,136.14999389648438,127.05000305175781,135.75,374782700
2024-07-12,128.8831329345703,129.24000549316406,131.9199981689453,127.22000122070312,128.25999450683594,252680500
2024-07-15,128.08534240722656,128.44000244140625,131.38999938964844,127.18000030517578,130.55999755859375,208326200
2024-07-16,126.0110855102539,126.36000061035156,129.0399932861328,124.58000183105469,128.44000244140625,214769500
2024-07-17,117.66417694091797,117.98999786376953,121.8499984741211,116.72000122070312,121.3499984741211,390086200
2024-07-18,120.755615234375,121.08999633789062,122.4000015258789,116.55999755859375,121.8499984741211,320979500
2024-07-19,117.6043701171875,117.93000030517578,121.5999984741211,117.37000274658203,120.3499984741211,217223800
2024-07-22,123.19886779785156,123.54000091552734,124.06999969482422,119.86000061035156,120.3499984741211,258068900
2024-07-23,122.2514877319336,122.58999633789062,124.69000244140625,122.0999984741211,122.77999877929688,173911000
2024-07-24,113.93450927734375,114.25,119.94999694824219,113.44000244140625,119.16999816894531,327776900
2024-07-25,111.9699478149414,112.27999877929688,116.62999725341797,106.30000305175781,113.04000091552734,460067000
2024-07-26,112.74781036376953,113.05999755859375,116.19999694824219,111.58000183105469,116.19000244140625,293399100
2024-07-29,111.28185272216797,111.58999633789062,116.27999877929688,111.30000305175781,113.69000244140625,248152100
2024-07-30,103.44356536865234,103.7300033569336,111.98999786376953,102.54000091552734,111.5199966430664,486833300
2024-07-31,116.69686126708984,117.0199966430664,118.33999633789062,110.87999725341797,112.9000015258789,473174200
2024-08-01,108.9084243774414,109.20999908447266,120.16000366210938,106.80999755859375,117.52999877929688,523462300
2024-08-02,106.9737777709961,107.2699966430664,108.72000122070312,101.37000274658203,103.76000213623047,482027500
2024-08-05,100.17262268066406,100.44999694824219,103.41000366210938,90.69000244140625,92.05999755859375,552842400
2024-08-06,103.96212005615234,104.25,107.70999908447266,100.55000305175781,103.83999633789062,409012100
2024-08-07,98.63687896728516,98.91000366210938,108.80000305175781,98.69000244140625,107.80999755859375,411440400
2024-08-08,104.68013763427734,104.97000122070312,105.5,97.5199966430664,102.0,391910000
2024-08-09,104.46074676513672,104.75,106.5999984741211,103.43000030517578,105.63999938964844,290844200
2024-08-12,108.71895599365234,109.0199966430664,111.06999969482422,106.26000213623047,106.31999969482422,325559900
2024-08-13,115.81929779052734,116.13999938964844,116.2300033569336,111.58000183105469,112.44000244140625,312646700
2024-08-14,117.7539291381836,118.08000183105469,118.5999984741211,114.06999969482422,118.52999877929688,339246400
2024-08-15,122.52074432373047,122.86000061035156,123.23999786376953,117.47000122070312,118.76000213623047,318086700
2024-08-16,124.23599243164062,124.58000183105469,125.0,121.18000030517578,121.94000244140625,302589900
2024-08-19,129.64102172851562,130.0,130.0,123.41999816894531,124.27999877929688,318333600
2024-08-20,126.89862823486328,127.25,129.8800048828125,125.88999938964844,128.39999389648438,300087400
2024-08-21,128.1451416015625,128.5,129.35000610351562,126.66000366210938,127.31999969482422,257883600
2024-08-22,123.3982925415039,123.73999786376953,130.75,123.0999984741211,130.02000427246094,376189100
2024-08-23,129.0127410888672,129.3699951171875,129.60000610351562,125.22000122070312,125.86000061035156,323230300
2024-08-26,126.11078643798828,126.45999908447266,131.25999450683594,124.37000274658203,129.57000732421875,331964700
2024-08-27,127.94570922851562,128.3000030517578,129.1999969482422,123.87999725341797,125.05000305175781,303134600
2024-08-28,125.26315307617188,125.61000061035156,128.3300018310547,122.63999938964844,128.1199951171875,448101100
2024-08-29,117.26528930664062,117.58999633789062,124.43000030517578,116.70999908447266,121.36000061035156,453023300
2024-08-30,119.0403823852539,119.37000274658203,121.75,117.22000122070312,119.52999877929688,333751600
2024-09-03,107.70176696777344,108.0,116.20999908447266,107.29000091552734,116.01000213623047,477155100
2024-09-04,105.91670227050781,106.20999908447266,113.2699966430664,104.12000274658203,105.41000366210938,372470300
2024-09-05,106.91394805908203,107.20999908447266,109.6500015258789,104.76000213623047,104.98999786376953,306850700
2024-09-06,102.54605865478516,102.83000183105469,108.1500015258789,100.94999694824219,108.04000091552734,413638100
2024-09-09,106.17599487304688,106.47000122070312,106.55000305175781,103.69000244140625,104.87999725341797,273912000
2024-09-10,107.8014907836914,108.0999984741211,109.4000015258789,104.94999694824219,107.80999755859375,268283700
2024-09-11,116.58716583251953,116.91000366210938,117.19000244140625,107.41999816894531,109.38999938964844,441422400
2024-09-12,118.82117462158203,119.13999938964844,120.79000091552734,115.37999725341797,116.83999633789062,366052700
2024-09-13,118.7812728881836,119.0999984741211,119.95999908447266,117.5999984741211,119.08000183105469,238358300
2024-09-16,116.46749114990234,116.77999877929688,118.18000030517578,114.36000061035156,116.79000091552734,248772300
2024-09-17,115.28067779541016,115.58999633789062,118.80000305175781,114.83000183105469,118.16999816894531,231925900
2024-09-18,113.06661987304688,113.37000274658203,117.69999694824219,113.22000122070312,115.88999938964844,310318900
2024-09-19,117.55457305908203,117.87000274658203,119.66000366210938,117.25,117.3499984741211,293506400
2024-09-20,115.6895751953125,116.0,118.62000274658203,115.38999938964844,117.05999755859375,382462400
2024-09-23,115.94889068603516,116.26000213623047,116.98999786376953,114.86000061035156,116.55000305175781,206228500
2024-09-24,120.54654693603516,120.87000274658203,121.80000305175781,115.37999725341797,116.5199966430664,354966800
2024-09-25,123.17948150634766,123.51000213623047,124.94000244140625,121.61000061035156,122.0199966430664,284692900
2024-09-26,123.70806884765625,124.04000091552734,127.66999816894531,121.80000305175781,126.80000305175781,302582900
2024-09-27,121.07511901855469,121.4000015258789,124.02999877929688,119.26000213623047,123.97000122070312,271009200
2024-09-30,121.11502838134766,121.44000244140625,121.5,118.1500015258789,118.30999755859375,226553700
2024-10-01,116.68690490722656,117.0,122.44000244140625,115.79000091552734,121.7699966430664,302094500
2024-10-02,118.53194427490234,118.8499984741211,119.37999725341797,115.13999938964844,116.44000244140625,221845900
2024-10-03,122.52124786376953,122.8499984741211,124.36000061035156,120.33999633789062,120.91999816894531,277118000
2024-10-04,124.58570861816406,124.91999816894531,125.04000091552734,121.83000183105469,124.94000244140625,243678100
2024-10-07,127.37821197509766,127.72000122070312,130.63999938964844,124.94999694824219,124.98999786376953,346250200
2024-10-08,132.53436279296875,132.88999938964844,133.47999572753906,129.4199981689453,130.25999450683594,285722500
2024-10-09,132.29501342773438,132.64999389648438,134.52000427246094,131.3800048828125,134.11000061035156,246191600
2024-10-10,134.44923400878906,134.80999755859375,135.0,131.0,131.91000366210938,242311300
2024-10-11,134.4392852783203,134.8000030517578,135.77999877929688,133.66000366210938,134.00999450683594,170209500
2024-10-14,137.7005157470703,138.07000732421875,139.60000610351562,136.3000030517578,136.47000122070312,232347700
2024-10-15,131.24783325195312,131.60000610351562,138.57000732421875,128.74000549316406,137.8699951171875,377831000
2024-10-16,135.3568115234375,135.72000122070312,136.6199951171875,131.5800018310547,133.97999572753906,264879700
2024-10-17,136.5635528564453,136.92999267578125,140.88999938964844,136.8699951171875,139.33999633789062,306435900
2024-10-18,137.63070678710938,138.0,138.89999389648438,137.27999877929688,138.6699981689453,176090200
2024-10-21,143.325439453125,143.7100067138672,143.7100067138672,138.0,138.1300048828125,264554500
2024-10-22,143.20574951171875,143.58999633789062,144.4199981689453,141.77999877929688,142.91000366210938,226311600
2024-10-23,139.1865234375,139.55999755859375,142.42999267578125,137.4600067138672,142.02999877929688,285930000
2024-10-24,140.03427124023438,140.41000366210938,141.35000610351562,138.4600067138672,140.82000732421875,172354900
2024-10-25,141.16122436523438,141.5399932861328,144.1300048828125,140.8000030517578,140.92999267578125,205122100
2024-10-28,140.1439666748047,140.52000427246094,143.13999938964844,140.0500030517578,143.0,173586700
2024-10-29,140.87200927734375,141.25,142.25999450683594,138.89999389648438,140.2899932861328,157593600
2024-10-30,138.9671173095703,139.33999633789062,140.3300018310547,136.80999755859375,139.5399932861328,179418100
2024-10-31,132.4047393798828,132.75999450683594,137.61000061035156,132.11000061035156,137.60000610351562,270039600
2024-11-01,135.03765869140625,135.39999389648438,137.30999755859375,134.57000732421875,134.6999969482422,207127800
2024-11-04,135.68594360351562,136.0500030517578,138.9600067138672,135.57000732421875,137.2100067138672,187528200
2024-11-05,139.5355987548828,139.91000366210938,140.3699951171875,137.3300018310547,137.4499969482422,160537400
2024-11-06,145.2203369140625,145.61000061035156,146.49000549316406,141.9600067138672,142.9600067138672,242043900
2024-11-07,148.48158264160156,148.8800048828125,148.92999267578125,146.1699981689453,146.38999938964844,207323300
2024-11-08,147.23492431640625,147.6300048828125,149.77000427246094,146.25999450683594,148.77000427246094,175665800
2024-11-11,144.87127685546875,145.25999450683594,148.85000610351562,143.57000732421875,148.67999267578125,182325600
2024-11-12,147.8931427001953,148.2899932861328,149.64999389648438,146.00999450683594,146.77999877929688,198634700
2024-11-13,145.87857055664062,146.27000427246094,149.3300018310547,145.89999389648438,149.07000732421875,191903300
2024-11-14,146.36727905273438,146.75999450683594,149.0,145.5500030517578,147.63999938964844,194463300
2024-11-15,141.6000518798828,141.97999572753906,145.24000549316406,140.0800018310547,144.8699951171875,250132900
2024-11-18,139.77493286132812,140.14999389648438,141.5500030517578,137.14999389648438,139.5,221205300
2024-11-19,146.61659240722656,147.00999450683594,147.1300048828125,140.99000549316406,141.32000732421875,227834900
2024-11-20,145.4995880126953,145.88999938964844,147.55999755859375,142.72999572753906,147.41000366210938,309871700
2024-11-21,146.27749633789062,146.6699981689453,152.88999938964844,140.6999969482422,149.35000610351562,400946600
2024-11-22,141.57015991210938,141.9499969482422,147.16000366210938,141.10000610351562,145.92999267578125,236406200
2024-11-25,135.656005859375,136.02000427246094,142.0500030517578,135.82000732421875,141.99000549316406,344941900
2024-11-26,136.5535888671875,136.9199981689453,139.3000030517578,135.6699981689453,137.6999969482422,190287700
2024-11-27,134.97779846191406,135.33999633789062,137.22000122070312,131.8000030517578,135.00999450683594,226370900
2024-11-29,137.88003540039062,138.25,139.35000610351562,136.0500030517578,136.77999877929688,141863200
2024-12-02,138.25900268554688,138.6300048828125,140.4499969482422,137.82000732421875,138.8300018310547,171682800
2024-12-03,139.8846435546875,140.25999450683594,140.5399932861328,137.9499969482422,138.25999450683594,164414000
2024-12-04,144.75157165527344,145.13999938964844,145.7899932861328,140.2899932861328,142.0,231224300
2024-12-05,144.68177795410156,145.05999755859375,146.5399932861328,143.9499969482422,145.11000061035156,172621200
2024-12-06,142.06861877441406,142.44000244140625,145.6999969482422,141.30999755859375,144.60000610351562,188505600
2024-12-09,138.44805908203125,138.80999755859375,139.9499969482422,137.1300048828125,138.97000122070312,189308600
2024-12-10,134.7178192138672,135.07000732421875,141.82000732421875,133.7899932861328,139.00999450683594,210020900
2024-12-11,138.94677734375,139.30999755859375,140.1699981689453,135.2100067138672,137.36000061035156,184905200
2024-12-12,136.98190307617188,137.33999633789062,138.44000244140625,135.8000030517578,137.0800018310547,159211400
2024-12-13,133.89996337890625,134.25,139.60000610351562,132.5399932861328,138.94000244140625,231514900
2024-12-16,131.6558074951172,132.0,134.39999389648438,130.4199981689453,134.17999267578125,237951100
2024-12-17,130.05001831054688,130.38999938964844,131.58999633789062,126.86000061035156,129.08999633789062,259410300
2024-12-18,128.5738983154297,128.91000366210938,136.6999969482422,128.27999877929688,133.86000061035156,277444500
2024-12-19,130.33924865722656,130.67999267578125,134.02999877929688,129.5500030517578,131.75999450683594,209719200
2024-12-20,134.3488006591797,134.6999969482422,135.27999877929688,128.22000122070312,129.80999755859375,306528600
2024-12-23,139.30580139160156,139.6699981689453,139.7899932861328,135.1199951171875,136.27999877929688,176053500
2024-12-24,139.85440063476562,140.22000122070312,141.89999389648438,138.64999389648438,140.0,105157000
2024-12-26,139.56515502929688,139.92999267578125,140.85000610351562,137.72999572753906,139.6999969482422,116205600
2024-12-27,136.65274047851562,137.00999450683594,139.02000427246094,134.7100067138672,138.5500030517578,170582600
2024-12-30,137.1315155029297,137.49000549316406,140.27000427246094,134.02000427246094,134.8300018310547,167734700
2024-12-31,133.9398651123047,134.2899932861328,138.07000732421875,133.8300018310547,138.02999877929688,155659200
2025-01-02,137.94937133789062,138.30999755859375,138.8800048828125,134.6300048828125,136.0,198247200
2025-01-03,144.09332275390625,144.47000122070312,144.89999389648438,139.72999572753906,140.00999450683594,229322500
2025-01-06,149.04037475585938,149.42999267578125,152.16000366210938,147.82000732421875,148.58999633789062,265377400
2025-01-07,139.77459716796875,140.13999938964844,153.1300048828125,140.00999450683594,153.02999877929688,351782200
2025-01-08,139.74468994140625,140.11000061035156,143.9499969482422,137.55999755859375,142.5800018310547,227349900
2025-01-10,135.55563354492188,135.91000366210938,139.9199981689453,134.22000122070312,137.4499969482422,207602500
2025-01-13,132.88262939453125,133.22999572753906,133.49000549316406,129.50999450683594,129.99000549316406,204808900
2025-01-14,131.41644287109375,131.75999450683594,136.3800048828125,130.0500030517578,136.0500030517578,195590500
2025-01-15,135.88478088378906,136.24000549316406,136.4499969482422,131.2899932861328,133.64999389648438,185217300
2025-01-16,133.2217559814453,133.57000732421875,138.75,133.49000549316406,138.63999938964844,209235600
2025-01-17,137.3509521484375,137.7100067138672,138.5,135.4600067138672,136.69000244140625,201188800
2025-01-21,140.4628143310547,140.8300018310547,141.8300018310547,137.08999633789062,139.16000366210938,197749000
2025-01-22,146.68655395507812,147.07000732421875,147.7899932861328,143.6699981689453,144.66000366210938,237651400
2025-01-23,146.83615112304688,147.22000122070312,147.22999572753906,143.72000122070312,145.0500030517578,155915500
2025-01-24,142.2481231689453,142.6199951171875,148.97000122070312,141.8800048828125,148.3699951171875,234657600
2025-01-27,118.11123657226562,118.41999816894531,128.39999389648438,116.69999694824219,124.80000305175781,818830900
2025-01-28,128.6536865234375,128.99000549316406,129.0,116.25,121.80999755859375,579666400
2025-01-29,123.3774642944336,123.69999694824219,126.88999938964844,120.05000305175781,126.5,467120600
2025-01-30,124.32499694824219,124.6500015258789,125.0,118.0999984741211,123.0999984741211,392925500
2025-01-31,119.75692749023438,120.06999969482422,127.8499984741211,119.19000244140625,123.77999877929688,388161100
2025-02-03,116.35582733154297,116.66000366210938,118.56999969482422,113.01000213623047,114.75,371235700
2025-02-04,118.34062957763672,118.6500015258789,121.19999694824219,116.69999694824219,116.95999908447266,256550000
2025-02-05,124.50453186035156,124.83000183105469,125.0,120.76000213623047,121.76000213623047,262230800
2025-02-06,128.344482421875,128.67999267578125,128.77000427246094,125.20999908447266,127.41999816894531,251483600
2025-02-07,129.50143432617188,129.83999633789062,130.3699951171875,125.0,129.22000122070312,228186300
2025-02-10,133.2217559814453,133.57000732421875,135.0,129.9600067138672,130.08999633789062,216989100
2025-02-11,132.4537811279297,132.8000030517578,134.47999572753906,131.02000427246094,132.5800018310547,178902400
2025-02-12,130.79808044433594,131.13999938964844,132.24000549316406,129.0800018310547,130.02000427246094,160278600
2025-02-13,134.93724060058594,135.2899932861328,136.5,131.1699981689453,131.55999755859375,197430000
2025-02-14,138.4879608154297,138.85000610351562,139.25,135.5,136.47999572753906,195479600
2025-02-18,139.03652954101562,139.39999389648438,143.44000244140625,137.92999267578125,141.27000427246094,219176600
2025-02-19,138.86697387695312,139.22999572753906,141.36000061035156,137.22000122070312,139.50999450683594,167536000
2025-02-20,139.74468994140625,140.11000061035156,140.66000366210938,136.7899932861328,140.02999877929688,143903600
2025-02-21,134.07949829101562,134.42999267578125,141.4600067138672,134.02999877929688,140.0399932861328,228217600
2025-02-24,129.94032287597656,130.27999877929688,138.58999633789062,130.0800018310547,136.55999755859375,251381100
2025-02-25,126.2998275756836,126.62999725341797,130.1999969482422,124.44000244140625,129.97999572753906,271428700
2025-02-26,130.93771362304688,131.27999877929688,133.72999572753906,128.49000549316406,129.99000549316406,322553800
2025-02-27,119.83672332763672,120.1500015258789,135.00999450683594,120.01000213623047,135.0,443175800
2025-02-28,124.59429168701172,124.91999816894531,125.08999633789062,116.4000015258789,118.0199966430664,389091100
2025-03-03,113.76260375976562,114.05999755859375,123.69999694824219,112.27999877929688,123.51000213623047,411381400
2025-03-04,115.68756866455078,115.98999786376953,119.30999755859375,110.11000061035156,110.6500015258789,398163300
2025-03-05,116.99415588378906,117.30000305175781,118.27999877929688,114.51000213623047,117.58000183105469,284337900
2025-03-06,110.28170776367188,110.56999969482422,115.3499984741211,110.22000122070312,113.52999877929688,321181900
2025-03-07,112.39617919921875,112.69000244140625,113.4800033569336,107.55999755859375,111.25,341755500
2025-03-10,106.70106506347656,106.9800033569336,111.8499984741211,105.45999908447266,109.9000015258789,366487400
2025-03-11,108.4764175415039,108.76000213623047,112.23999786376953,104.7699966430664,106.98999786376953,354865700
2025-03-12,115.4488525390625,115.73999786376953,116.76000213623047,112.87999725341797,114.12000274658203,323857500
2025-03-13,115.28924560546875,115.58000183105469,117.76000213623047,113.79000091552734,117.02999877929688,299033100
2025-03-14,121.36392211914062,121.66999816894531,121.87999725341797,118.1500015258789,118.61000061035156,277593500
2025-03-17,119.22930908203125,119.52999877929688,122.88999938964844,118.02999877929688,122.73999786376953,255501500
2025-03-18,115.13961791992188,115.43000030517578,119.0199966430664,114.54000091552734,118.0,299686900
2025-03-19,117.224365234375,117.5199966430664,120.44999694824219,115.68000030517578,117.2699966430664,273426200
2025-03-20,118.23181915283203,118.52999877929688,120.19999694824219,116.47000122070312,116.55000305175781,248829700
2025-03-21,117.4039077758789,117.69999694824219,117.98999786376953,115.41999816894531,116.94000244140625,266498500
2025-03-24,121.10458374023438,121.41000366210938,122.22000122070312,119.33999633789062,119.87999725341797,228452500
2025-03-25,120.38639831542969,120.69000244140625,121.29000091552734,118.91999816894531,120.55000305175781,167447200
2025-03-26,113.47383117675781,113.76000213623047,118.83999633789062,112.70999908447266,118.7300033569336,293463300
2025-03-27,111.1496810913086,111.43000030517578,114.44999694824219,110.66000366210938,111.3499984741211,236902100
2025-03-28,109.39411163330078,109.66999816894531,112.87000274658203,109.06999969482422,111.48999786376953,229872500
2025-03-31,108.10736083984375,108.37999725341797,110.95999908447266,103.6500015258789,105.12999725341797,299212700
2025-04-01,109.87290954589844,110.1500015258789,110.19999694824219,106.47000122070312,108.5199966430664,222614000
2025-04-02,110.14222717285156,110.41999816894531,111.9800033569336,106.79000091552734,107.29000091552734,220601200
2025-04-03,101.54391479492188,101.80000305175781,105.62999725341797,101.5999984741211,103.51000213623047,338769400
2025-04-04,94.07275390625,94.30999755859375,100.12999725341797,92.11000061035156,98.91000366210938,532273800
2025-04-07,97.39437103271484,97.63999938964844,101.75,86.62000274658203,87.45999908447266,611041300
2025-04-08,96.05775451660156,96.30000305175781,105.8499984741211,94.45999908447266,103.80999755859375,476243400
2025-04-09,114.04238891601562,114.33000183105469,115.0999984741211,97.52999877929688,98.88999938964844,612918300
2025-04-10,107.29939270019531,107.56999969482422,110.86000061035156,99.1500015258789,109.37000274658203,437812400
2025-04-11,110.65094757080078,110.93000030517578,111.55000305175781,107.4800033569336,108.5,313417300
2025-04-14,110.4314956665039,110.70999908447266,114.29000091552734,109.06999969482422,114.11000061035156,264705000
2025-04-15,111.9177474975586,112.19999694824219,113.62000274658203,110.5,110.97000122070312,228966900
2025-04-16,104.2271499633789,104.48999786376953,106.79000091552734,100.44999694824219,104.55000305175781,397016900
2025-04-17,101.23468780517578,101.48999786376953,104.47000122070312,100.05000305175781,104.44999694824219,292517500
2025-04-21,96.66622161865234,96.91000366210938,99.44000244140625,95.04000091552734,98.7699966430664,288501100
2025-04-22,98.64122772216797,98.88999938964844,99.80999755859375,97.27999877929688,98.77999877929688,241004800
2025-04-23,102.45162200927734,102.70999908447266,104.80000305175781,102.0199966430664,104.5199966430664,247526000
2025-04-24,106.1622543334961,106.43000030517578,106.54000091552734,103.11000061035156,103.4800033569336,220815000
2025-04-25,110.73075103759766,111.01000213623047,111.91999816894531,105.7300033569336,106.8499984741211,251064700
2025-04-28,108.45648193359375,108.7300033569336,110.37000274658203,106.0199966430664,109.69000244140625,207708500
2025-04-29,108.74574279785156,109.0199966430664,110.19999694824219,107.44000244140625,107.66999816894531,170444300
2025-04-30,108.64599609375,108.91999816894531,108.91999816894531,104.08000183105469,104.47000122070312,235044600
2025-05-01,111.32923126220703,111.61000061035156,114.94000244140625,111.30000305175781,113.08000183105469,236121500
2025-05-02,114.21196746826172,114.5,115.4000015258789,113.37000274658203,114.18000030517578,190194800
2025-05-05,113.53368377685547,113.81999969482422,114.66999816894531,112.66000366210938,112.91000366210938,133163200
2025-05-06,113.25439453125,113.54000091552734,114.73999786376953,110.81999969482422,111.4800033569336,158525600
2025-05-07,116.76553344726562,117.05999755859375,117.68000030517578,112.27999877929688,113.05000305175781,206758800
2025-05-08,117.07474517822266,117.37000274658203,118.68000030517578,115.8499984741211,118.25,198428100
2025-05-09,116.35655975341797,116.6500015258789,118.2300033569336,115.20999908447266,117.3499984741211,132972200
2025-05-12,122.69058990478516,123.0,123.0,120.27999877929688,121.97000122070312,225023300
2025-05-13,129.60313415527344,129.92999267578125,131.22000122070312,124.47000122070312,124.9800033569336,330430100
2025-05-14,134.99952697753906,135.33999633789062,135.44000244140625,131.67999267578125,133.1999969482422,281180800
2025-05-15,134.49081420898438,134.8300018310547,136.3000030517578,132.66000366210938,134.2899932861328,226632600
2025-05-16,135.05938720703125,135.39999389648438,136.35000610351562,133.4600067138672,136.22000122070312,226542500
2025-05-19,135.22894287109375,135.57000732421875,135.8699951171875,132.38999938964844,132.38999938964844,193154600
2025-05-20,134.04196166992188,134.3800048828125,134.5800018310547,132.6199951171875,134.2899932861328,161514200
2025-05-21,131.46844482421875,131.8000030517578,137.39999389648438,130.58999633789062,133.05999755859375,270608700
2025-05-22,132.495849609375,132.8300018310547,134.25,131.5500030517578,132.22999572753906,187344000
2025-05-23,130.959716796875,131.2899932861328,132.67999267578125,129.16000366210938,130.0,198821300
2025-05-27,135.15914916992188,135.5,135.66000366210938,133.30999755859375,134.14999389648438,192953600
2025-05-28,134.4708709716797,134.80999755859375,137.25,134.7899932861328,136.02999877929688,304021100
2025-05-29,138.83984375,139.19000244140625,143.49000549316406,137.91000366210938,142.25,369241900
2025-05-30,134.79006958007812,135.1300048828125,139.6199951171875,132.9199981689453,138.72000122070312,333170900
2025-06-02,137.034423828125,137.3800048828125,138.1199951171875,135.39999389648438,135.49000549316406,197663100
2025-06-03,140.86473083496094,141.22000122070312,142.0,137.9499969482422,138.77999877929688,225578800
2025-06-04,141.56298828125,141.9199981689453,142.38999938964844,139.5399932861328,142.19000244140625,167120800
2025-06-05,139.63784790039062,139.99000549316406,144.0,138.8300018310547,142.1699981689453,231397900
2025-06-06,141.36349487304688,141.72000122070312,143.27000427246094,141.50999450683594,142.50999450683594,153986200
2025-06-09,142.27120971679688,142.6300048828125,145.0,141.94000244140625,143.19000244140625,185114500
2025-06-10,143.59786987304688,143.9600067138672,144.2899932861328,141.52999877929688,142.69000244140625,155881900
2025-06-11,142.4805908203125,142.8300018310547,144.99000549316406,141.8699951171875,144.61000061035156,167694000
2025-06-12,144.64527893066406,145.0,145.0,141.85000610351562,141.97000122070312,162365000
2025-06-13,141.62269592285156,141.97000122070312,143.5800018310547,140.85000610351562,142.47999572753906,180820600
2025-06-16,144.33604431152344,144.69000244140625,146.17999267578125,143.1999969482422,143.35000610351562,183133700
2025-06-17,143.76742553710938,144.1199951171875,145.22000122070312,143.77999877929688,144.49000549316406,139108000
2025-06-18,145.12411499023438,145.47999572753906,145.64999389648438,143.1199951171875,144.00999450683594,161494100
2025-06-20,143.49810791015625,143.85000610351562,146.1999969482422,142.64999389648438,145.4499969482422,242956200
2025-06-23,143.8173065185547,144.1699981689453,144.77999877929688,142.02999877929688,142.5,154308900
2025-06-24,147.53819274902344,147.89999389648438,147.9600067138672,145.5,145.55999755859375,187566100
2025-06-25,153.93251037597656,154.30999755859375,154.4499969482422,149.25999450683594,149.27000427246094,269146500
2025-06-26,154.64077758789062,155.02000427246094,156.72000122070312,154.0,155.97999572753906,198145700
2025-06-27,157.36407470703125,157.75,158.7100067138672,155.25999450683594,156.0399932861328,263234500
2025-06-30,157.603515625,157.99000549316406,158.66000366210938,155.9600067138672,158.39999389648438,194580300
2025-07-01,152.92498779296875,153.3000030517578,157.1999969482422,151.49000549316406,156.2899932861328,213143600
2025-07-02,156.8653106689453,157.25,157.60000610351562,152.97000122070312,152.97999572753906,171224100
2025-07-03,158.95021057128906,159.33999633789062,160.97999572753906,157.77000427246094,158.3699951171875,143716100
2025-07-07,157.8529052734375,158.24000549316406,159.30999755859375,157.33999633789062,158.1999969482422,140139000
2025-07-08,159.60858154296875,160.0,160.22000122070312,158.38999938964844,159.3300018310547,138133000
2025-07-09,162.4815673828125,162.8800048828125,164.4199981689453,161.16000366210938,161.22000122070312,183656400
2025-07-10,163.69854736328125,164.10000610351562,164.5,161.61000061035156,164.32000732421875,167704100
2025-07-11,164.5165252685547,164.9199981689453,167.88999938964844,163.47000122070312,163.72000122070312,193633300
2025-07-14,163.6686248779297,164.07000732421875,165.49000549316406,162.02000427246094,165.3699951171875,136975800
2025-07-15,170.28240966796875,170.6999969482422,172.39999389648438,169.1999969482422,171.19000244140625,230627400
2025-07-16,170.9507598876953,171.3699951171875,171.75,168.89999389648438,171.05999755859375,158831500
2025-07-17,172.5767822265625,173.0,174.16000366210938,170.8300018310547,172.02000427246094,160841100
2025-07-18,171.98822021484375,172.41000366210938,174.25,171.25999450683594,173.63999938964844,146456400
2025-07-21,170.9607696533203,171.3800048828125,173.3800048828125,171.0,172.75,123126100
2025-07-22,166.6213836669922,167.02999877929688,171.38999938964844,164.5800018310547,171.33999633789062,193114300
2025-07-23,170.36221313476562,170.77999877929688,171.25999450683594,167.97000122070312,169.52999877929688,154082200
2025-07-24,173.3149871826172,173.74000549316406,173.8300018310547,171.3000030517578,172.44000244140625,128984600
2025-07-25,173.0755615234375,173.5,174.72000122070312,172.9600067138672,173.61000061035156,122316800
2025-07-28,176.31761169433594,176.75,177.0,173.97000122070312,174.02000427246094,140023500
2025-07-29,175.08065795898438,175.50999450683594,179.3800048828125,175.02000427246094,177.9600067138672,154077500
2025-07-30,178.83145141601562,179.27000427246094,179.88999938964844,176.0399932861328,176.50999450683594,174312200
2025-07-31,177.43487548828125,177.8699951171875,183.3000030517578,175.92999267578125,182.89999389648438,221685400
2025-08-01,173.29502868652344,173.72000122070312,176.5399932861328,170.88999938964844,174.08999633789062,204529000
2025-08-04,179.5596466064453,180.0,180.1999969482422,174.52000427246094,175.16000366210938,148174600
2025-08-05,177.82391357421875,178.25999450683594,180.25999450683594,175.89999389648438,179.6199951171875,156407600
2025-08-06,178.9810791015625,179.4199981689453,179.89999389648438,176.25,176.3300018310547,137192300
2025-08-07,180.32777404785156,180.77000427246094,183.8800048828125,178.8000030517578,181.57000732421875,151878400
2025-08-08,182.25303649902344,182.6999969482422,183.3000030517578,180.39999389648438,181.5500030517578,123396700
2025-08-11,181.6146240234375,182.05999755859375,183.83999633789062,180.25,182.0500030517578,138323200
2025-08-12,182.71194458007812,183.16000366210938,184.47999572753906,179.4600067138672,182.9600067138672,145485700
2025-08-13,181.14576721191406,181.58999633789062,183.97000122070312,179.35000610351562,182.6199951171875,179871700
2025-08-14,181.57472229003906,182.02000427246094,183.02000427246094,179.4600067138672,179.75,129554000
2025-08-15,180.00856018066406,180.4499969482422,181.89999389648438,178.0399932861328,181.8800048828125,156602200
2025-08-18,181.5647430419922,182.00999450683594,182.94000244140625,180.58999633789062,180.60000610351562,132008000
2025-08-19,175.2103271484375,175.63999938964844,182.5,175.49000549316406,182.42999267578125,185229200
2025-08-20,174.9709014892578,175.39999389648438,176.0,168.8000030517578,175.1699981689453,215142700
2025-08-21,174.55194091796875,174.97999572753906,176.89999389648438,173.80999755859375,174.85000610351562,140040900
2025-08-22,177.55458068847656,177.99000549316406,178.58999633789062,171.1999969482422,172.61000061035156,172789400
2025-08-25,179.37013244628906,179.80999755859375,181.91000366210938,176.57000732421875,178.35000610351562,163012800
2025-08-26,181.32534790039062,181.77000427246094,182.38999938964844,178.80999755859375,180.05999755859375,168688200
2025-08-27,181.15574645996094,181.60000610351562,182.49000549316406,179.10000610351562,181.97999572753906,235518900
2025-08-28,179.729248046875,180.1699981689453,184.47000122070312,176.41000366210938,180.82000732421875,281787800
2025-08-29,173.75390625,174.17999267578125,178.14999389648438,173.14999389648438,178.11000061035156,243257900
2025-09-02,170.36221313476562,170.77999877929688,172.3800048828125,167.22000122070312,170.0,231164900
2025-09-03,170.20260620117188,170.6199951171875,172.41000366210938,168.8800048828125,171.05999755859375,164424900
2025-09-04,171.2400665283203,171.66000366210938,171.86000061035156,169.41000366210938,170.57000732421875,141670100
2025-09-05,166.61141967773438,167.02000427246094,169.02999877929688,164.07000732421875,168.02999877929688,224441400
2025-09-08,167.89825439453125,168.30999755859375,170.9600067138672,167.35000610351562,167.5500030517578,163769100
2025-09-09,170.34225463867188,170.75999450683594,170.97999572753906,166.74000549316406,169.08999633789062,157548400
2025-09-10,176.8961944580078,177.3300018310547,179.2899932861328,175.47000122070312,176.63999938964844,226852000
2025-09-11,176.74655151367188,177.1699981689453,180.27999877929688,176.47999572753906,179.67999267578125,151159300
2025-09-12,177.39500427246094,177.82000732421875,178.60000610351562,176.4499969482422,177.77000427246094,124911000
2025-09-15,177.32516479492188,177.75,178.85000610351562,174.50999450683594,175.6699981689453,147061600
2025-09-16,174.4620361328125,174.8800048828125,177.5,174.3800048828125,177.0,140737800
2025-09-17,169.8829803466797,170.2899932861328,173.1999969482422,168.41000366210938,172.63999938964844,211843800
2025-09-18,175.8187713623047,176.24000549316406,177.10000610351562,172.9600067138672,173.97999572753906,191763300
2025-09-19,176.24774169921875,176.6699981689453,178.0800018310547,175.17999267578125,175.77000427246094,237182100
2025-09-22,183.17115783691406,183.61000061035156,184.5500030517578,174.7100067138672,175.3000030517578,269637000
2025-09-23,178.0035400390625,178.42999267578125,182.4199981689453,176.2100067138672,181.97000122070312,192559600
2025-09-24,176.54702758789062,176.97000122070312,179.77999877929688,175.39999389648438,179.77000427246094,143564100
2025-09-25,177.2653045654297,177.69000244140625,180.25999450683594,173.1300048828125,174.47999572753906,191586700
2025-09-26,177.7641143798828,178.19000244140625,179.77000427246094,174.92999267578125,178.1699981689453,148573700
2025-09-29,181.41539001464844,181.85000610351562,184.0,180.32000732421875,180.42999267578125,193063500
2025-09-30,186.13406372070312,186.5800018310547,187.35000610351562,181.47999572753906,182.0800018310547,236981000
2025-10-01,186.79248046875,187.24000549316406,188.13999938964844,183.89999389648438,185.24000549316406,173844900
2025-10-02,188.4385528564453,188.88999938964844,191.0500030517578,188.05999755859375,189.60000610351562,136805800
2025-10-03,187.17156982421875,187.6199951171875,190.36000061035156,185.3800048828125,189.19000244140625,137596900
2025-10-06,185.09652709960938,185.5399932861328,187.22999572753906,183.3300018310547,185.5,157678100
2025-10-07,184.5977325439453,185.0399932861328,189.05999755859375,184.0,186.22999572753906,140088000
2025-10-08,188.65802001953125,189.11000061035156,189.60000610351562,186.5399932861328,186.57000732421875,130168900
2025-10-09,192.1097412109375,192.57000732421875,195.3000030517578,191.05999755859375,192.22999572753906,182997200
2025-10-10,182.7222442626953,183.16000366210938,195.6199951171875,182.0500030517578,193.50999450683594,268774400
2025-10-13,187.86990356445312,188.32000732421875,190.11000061035156,185.9600067138672,187.97000122070312,153482800
2025-10-14,179.59971618652344,180.02999877929688,184.8000030517578,179.6999969482422,184.77000427246094,205641400
2025-10-15,179.40020751953125,179.8300018310547,184.8699951171875,177.2899932861328,184.8000030517578,214450500
2025-10-16,181.37547302246094,181.80999755859375,183.27999877929688,179.77000427246094,182.22999572753906,179723300
2025-10-17,182.7821044921875,183.22000122070312,184.10000610351562,179.75,180.17999267578125,173135200
2025-10-20,182.2034912109375,182.63999938964844,185.1999969482422,181.72999572753906,183.1300048828125,128544700
2025-10-21,180.72702026367188,181.16000366210938,182.7899932861328,179.8000030517578,182.7899932861328,124240200
2025-10-22,179.84912109375,180.27999877929688,183.44000244140625,176.75999450683594,181.13999938964844,162249600
2025-10-23,181.724609375,182.16000366210938,183.02999877929688,179.7899932861328,180.4199981689453,111363700
2025-10-24,185.81480407714844,186.25999450683594,187.47000122070312,183.5,183.83999633789062,131296700
2025-10-27,191.0323028564453,191.49000549316406,192.0,188.42999267578125,189.99000549316406,153452700
2025-10-28,200.54954528808594,201.02999877929688,203.14999389648438,191.91000366210938,193.0500030517578,297986200
2025-10-29,206.54515075683594,207.0399932861328,212.19000244140625,204.77999877929688,207.97999572753906,308829600
2025-10-30,202.4050750732422,202.88999938964844,206.16000366210938,201.41000366210938,205.14999389648438,178864400
2025-10-31,202.0060272216797,202.49000549316406,207.97000122070312,202.07000732421875,206.4499969482422,179802200
2025-11-03,206.3855438232422,206.8800048828125,211.33999633789062,205.55999755859375,208.0800018310547,180267300
2025-11-04,198.21511840820312,198.69000244140625,203.97000122070312,197.92999267578125,203.0,188919300
2025-11-05,194.74343872070312,195.2100067138672,202.9199981689453,194.64999389648438,198.77000427246094,171350300
2025-11-06,187.63047790527344,188.0800018310547,197.6199951171875,186.3800048828125,196.4199981689453,223029800
2025-11-07,187.70030212402344,188.14999389648438,188.32000732421875,178.91000366210938,184.89999389648438,264942300
2025-11-10,198.5742645263672,199.0500030517578,199.94000244140625,193.7899932861328,195.11000061035156,198897100
2025-11-11,192.6983184814453,193.16000366210938,195.4199981689453,191.3000030517578,195.16000366210938,176483300
2025-11-12,193.3367919921875,193.8000030517578,195.88999938964844,191.1300048828125,195.72000122070312,154935300
2025-11-13,186.41339111328125,186.86000061035156,191.44000244140625,183.85000610351562,191.0500030517578,207423100
2025-11-14,189.71546936035156,190.1699981689453,191.00999450683594,180.5800018310547,182.86000061035156,186591900
2025-11-17,186.15402221679688,186.60000610351562,189.0,184.32000732421875,185.97000122070312,173628900
2025-11-18,180.92652893066406,181.36000061035156,184.8000030517578,179.64999389648438,183.3800048828125,213598900
2025-11-19,186.07420349121094,186.52000427246094,187.86000061035156,182.8300018310547,184.7899932861328,247246400
2025-11-20,180.208251953125,180.63999938964844,196.0,179.85000610351562,195.9499969482422,343504800
2025-11-21,178.45245361328125,178.8800048828125,184.55999755859375,172.92999267578125,181.24000549316406,346926200
2025-11-24,182.1136932373047,182.5500030517578,183.5,176.47999572753906,179.49000549316406,256618300
2025-11-25,177.39500427246094,177.82000732421875,178.16000366210938,169.5500030517578,174.91000366210938,320600300
2025-11-26,179.8291473388672,180.25999450683594,182.91000366210938,178.24000549316406,181.6300048828125,183852000
2025-11-28,176.57696533203125,177.0,179.2899932861328,176.5,179.00999450683594,121332800
2025-12-01,179.48997497558594,179.9199981689453,180.3000030517578,173.67999267578125,174.75999450683594,188131000
2025-12-02,181.02630615234375,181.4600067138672,185.66000366210938,180.0,181.75999450683594,182632200
2025-12-03,179.1607666015625,179.58999633789062,182.4499969482422,179.11000061035156,181.0800018310547,165138000
2025-12-04,182.95188903808594,183.3800048828125,184.52000427246094,179.9600067138672,181.6199951171875,167364900
2025-12-05,181.98414611816406,182.41000366210938,184.66000366210938,180.91000366210938,183.88999938964844,143971100
2025-12-08,185.1168212890625,185.5500030517578,188.0,182.39999389648438,182.63999938964844,204378100
2025-12-09,184.53817749023438,184.97000122070312,185.72000122070312,183.32000732421875,185.55999755859375,144719700
2025-12-10,183.35096740722656,183.77999877929688,185.47999572753906,182.0399932861328,184.97000122070312,162785400
2025-12-11,180.50759887695312,180.92999267578125,181.32000732421875,176.6199951171875,180.27999877929688,182136600
2025-12-12,174.61141967773438,175.02000427246094,182.82000732421875,174.6199951171875,181.11000061035156,204274900
2025-12-15,175.87843322753906,176.2899932861328,178.4199981689453,175.02999877929688,177.94000244140625,164775600
2025-12-16,177.3050994873047,177.72000122070312,178.49000549316406,174.89999389648438,176.25999450683594,148588100
2025-12-17,170.54092407226562,170.94000244140625,176.1300048828125,170.30999755859375,176.10000610351562,222775500
2025-12-18,173.73345947265625,174.13999938964844,176.14999389648438,171.82000732421875,174.52999877929688,176096000
2025-12-19,180.56748962402344,180.99000549316406,181.4499969482422,176.33999633789062,176.6699981689453,324925900
2025-12-22,183.26116943359375,183.69000244140625,184.16000366210938,182.35000610351562,183.9199981689453,129064400
2025-12-23,188.76829528808594,189.2100067138672,189.3300018310547,182.89999389648438,182.97000122070312,174873600
2025-12-24,188.169677734375,188.61000061035156,188.91000366210938,186.58999633789062,187.94000244140625,65528500
2025-12-26,190.085205078125,190.52999877929688,192.69000244140625,188.0,189.9199981689453,139740300
2025-12-29,187.7805938720703,188.22000122070312,188.75999450683594,185.91000366210938,187.7100067138672,120006100
2025-12-30,187.1021728515625,187.5399932861328,188.99000549316406,186.92999267578125,188.24000549316406,97687300
2025-12-31,186.06460571289062,186.5,190.55999755859375,186.49000549316406,189.57000732421875,120100500
2026-01-02,188.4091339111328,188.85000610351562,192.92999267578125,188.25999450683594,189.83999633789062,148240500
2026-01-05,187.68081665039062,188.1199951171875,193.6300048828125,186.14999389648438,191.75999450683594,183529700
2026-01-06,186.80288696289062,187.24000549316406,192.1699981689453,186.82000732421875,190.52000427246094,176862600
2026-01-07,188.66851806640625,189.11000061035156,191.3699951171875,186.55999755859375,188.57000732421875,153543200
2026-01-08,184.60801696777344,185.0399932861328,189.5500030517578,183.7100067138672,189.11000061035156,172457000
2026-01-09,184.42843627929688,184.86000061035156,186.33999633789062,183.6699981689453,185.0800018310547,131327500
2026-01-12,184.5082550048828,184.94000244140625,187.1199951171875,183.02000427246094,183.22000122070312,137968500
2026-01-13,185.37620544433594,185.80999755859375,188.11000061035156,183.39999389648438,185.0,160128900
2026-01-14,182.71246337890625,183.13999938964844,184.4600067138672,180.8000030517578,184.32000732421875,159586100
2026-01-15,186.6133270263672,187.0500030517578,189.6999969482422,186.3300018310547,186.5,206188600
2026-01-16,185.7952423095703,186.22999572753906,190.44000244140625,186.0800018310547,189.0800018310547,187967200
2026-01-20,177.65431213378906,178.07000732421875,182.3800048828125,177.61000061035156,181.89999389648438,223345300
2026-01-21,182.89202880859375,183.32000732421875,185.3800048828125,178.39999389648438,179.0500030517578,200381000
2026-01-22,184.40847778320312,184.83999633789062,186.1699981689453,183.92999267578125,184.75,139636600
2026-01-23,187.23187255859375,187.6699981689453,189.60000610351562,186.82000732421875,187.5,142748100
2026-01-26,186.03468322753906,186.47000122070312,189.1199951171875,185.99000549316406,187.16000366210938,124799600
2026-01-27,188.07989501953125,188.52000427246094,190.0,185.6999969482422,187.24000549316406,143711600
2026-01-28,191.0728759765625,191.52000427246094,192.35000610351562,189.83999633789062,191.27000427246094,148552700
2026-01-29,192.06057739257812,192.50999450683594,193.47999572753906,186.05999755859375,191.33999633789062,171764400
2026-01-30,190.68380737304688,191.1300048828125,194.49000549316406,189.47000122070312,191.2100067138672,179489500
2026-02-02,185.1766815185547,185.61000061035156,190.3000030517578,184.8800048828125,187.1999969482422,165794100
2026-02-03,179.91897583007812,180.33999633789062,186.27000427246094,176.22999572753906,186.24000549316406,204019600
2026-02-04,173.78335571289062,174.19000244140625,179.5800018310547,171.91000366210938,179.4600067138672,207014100
2026-02-05,171.47874450683594,171.8800048828125,176.82000732421875,171.02999877929688,174.92999267578125,206312900
2026-02-06,184.9771728515625,185.41000366210938,187.0,174.60000610351562,176.69000244140625,231346200
2026-02-09,189.59632873535156,190.0399932861328,193.66000366210938,183.9499969482422,184.25999450683594,196387400
2026-02-10,188.099853515625,188.5399932861328,192.47999572753906,188.1199951171875,191.3800048828125,136764800
2026-02-11,189.6063232421875,190.0500030517578,193.25999450683594,188.77000427246094,192.4499969482422,144192700
2026-02-12,186.5035858154297,186.94000244140625,193.61000061035156,186.50999450683594,193.02999877929688,189932500
2026-02-13,182.3832244873047,182.80999755859375,187.5,181.58999633789062,187.47999572753906,161888000
2026-02-17,184.53817749023438,184.97000122070312,187.14999389648438,179.17999267578125,181.75,162276900
2026-02-18,187.5411376953125,187.97999572753906,190.3699951171875,186.75999450683594,188.75,164749100
2026-02-19,187.46133422851562,187.89999389648438,188.42999267578125,185.66000366210938,187.05999755859375,126554500
2026-02-20,189.37686157226562,189.82000732421875,190.3300018310547,185.94000244140625,186.57000732421875,178422300
2026-02-23,191.10281372070312,191.5500030517578,193.9499969482422,189.5800018310547,191.39999389648438,171584800
2026-02-24,192.39979553222656,192.85000610351562,193.77000427246094,187.39999389648438,191.49000549316406,175123600
2026-02-25,195.10345458984375,195.55999755859375,197.6300048828125,193.7899932861328,194.4499969482422,250637100
2026-02-26,184.4583740234375,184.88999938964844,194.2899932861328,184.32000732421875,194.27000427246094,360807900
2026-02-27,176.77635192871094,177.19000244140625,182.58999633789062,176.3800048828125,181.25,311636500
2026-03-02,182.05398559570312,182.47999572753906,183.4600067138672,174.63999938964844,175.00999450683594,209095300
2026-03-03,179.62966918945312,180.0500030517578,180.89999389648438,176.9199981689453,178.49000549316406,178099400
2026-03-04,182.6126708984375,183.0399932861328,184.6999969482422,180.05999755859375,180.44000244140625,177731200
2026-03-05,182.91197204589844,183.33999633789062,184.05999755859375,177.8800048828125,181.1699981689453,198779700
2026-03-06,177.40489196777344,177.82000732421875,182.75999450683594,176.82000732421875,179.83999633789062,189021900
2026-03-09,182.2235870361328,182.64999389648438,182.91000366210938,175.55999755859375,176.8300018310547,177213600
2026-03-10,184.33863830566406,184.77000427246094,186.44000244140625,182.00999450683594,182.39999389648438,179118500
2026-03-11,185.60574340820312,186.02999877929688,187.6199951171875,184.4499969482422,185.91000366210938,145280400
2026-03-12,182.72235107421875,183.13999938964844,184.94000244140625,181.75,184.0500030517578,155762700
2026-03-13,179.83892822265625,180.25,186.08999633789062,179.94000244140625,184.9199981689453,160988400
2026-03-16,182.8021697998047,183.22000122070312,188.8800048828125,181.41000366210938,182.97000122070312,217307400
2026-03-17,181.5150909423828,181.92999267578125,185.39999389648438,181.67999267578125,185.05999755859375,182497800
2026-03-18,179.98858642578125,180.39999389648438,183.3800048828125,180.3300018310547,182.47999572753906,156683100
2026-03-19,178.1527862548828,178.55999755859375,179.97999572753906,175.7899932861328,178.00999450683594,170968500
2026-03-20,172.30613708496094,172.6999969482422,178.25999450683594,171.72000122070312,178.0,241323500
2026-03-23,175.23944091796875,175.63999938964844,178.3699951171875,174.75999450683594,177.25999450683594,182836300
2026-03-24,174.80044555664062,175.1999969482422,176.22000122070312,173.97999572753906,174.8300018310547,147667800
2026-03-25,178.2725067138672,178.67999267578125,181.22000122070312,176.85000610351562,177.10000610351562,162602100
2026-03-26,170.8494873046875,171.24000549316406,176.50999450683594,171.13999938964844,176.07000732421875,186152200
2026-03-27,167.13795471191406,167.52000427246094,170.97000122070312,167.00999450683594,170.0,196212700
2026-03-30,164.79331970214844,165.1699981689453,169.4499969482422,164.27000427246094,168.77999877929688,185627000
2026-03-31,174.0022735595703,174.39999389648438,174.6199951171875,166.9600067138672,166.97000122070312,226181300
2026-04-01,175.3491973876953,175.75,177.3699951171875,174.75,176.0,168132000
2026-04-02,176.98544311523438,177.38999938964844,177.49000549316406,171.3699951171875,172.17999267578125,143143200
2026-04-06,177.23487854003906,177.63999938964844,177.7899932861328,175.75999450683594,177.16000366210938,107564300
2026-04-07,177.69383239746094,178.10000610351562,178.22999572753906,173.66000366210938,175.72999572753906,132534900
2026-04-08,181.66476440429688,182.0800018310547,185.25999450683594,180.3000030517578,184.5,147732700
2026-04-09,183.49058532714844,183.91000366210938,184.0800018310547,180.6199951171875,181.83999633789062,116428500
2026-04-10,188.1998291015625,188.6300048828125,190.0,184.3000030517578,184.30999755859375,160459500
2026-04-13,188.87826538085938,189.30999755859375,189.66000366210938,185.74000549316406,186.02999877929688,133648200
2026-04-14,196.0618438720703,196.50999450683594,196.50999450683594,190.77000427246094,190.83999633789062,161307000
2026-04-15,198.41647338867188,198.8699951171875,200.39999389648438,195.74000549316406,196.5399932861328,185338400
2026-04-16,197.8976593017578,198.35000610351562,199.85000610351562,195.80999755859375,197.42999267578125,134012900
2026-04-17,201.2200469970703,201.67999267578125,201.6999969482422,199.27000427246094,199.89999389648438,160324400
2026-04-20,201.59918212890625,202.05999755859375,202.1699981689453,197.83999633789062,199.97999572753906,119381400
2026-04-21,199.42417907714844,199.8800048828125,202.75,199.0,202.1300048828125,107945300
2026-04-22,202.03819274902344,202.5,202.5,199.0,200.99000549316406,107501000
2026-04-23,199.18470764160156,199.63999938964844,203.8300018310547,197.22000122070312,202.4600067138672,113561800
2026-04-24,207.79502868652344,208.27000427246094,210.9499969482422,199.80999755859375,199.9600067138672,214134400
2026-04-27,216.1160125732422,216.61000061035156,216.8300018310547,207.3800048828125,209.64999389648438,187172400
2026-04-28,212.68385314941406,213.1699981689453,214.72999572753906,208.1999969482422,209.49000549316406,180275400
2026-04-29,208.77279663085938,209.25,212.72000122070312,207.5800018310547,212.6999969482422,123711800
2026-04-30,199.11488342285156,199.57000732421875,210.3000030517578,198.6999969482422,209.92999267578125,225239200
2026-05-01,197.99742126464844,198.4499969482422,203.0,197.1199951171875,201.27999877929688,128647000
2026-05-04,198.02734375,198.47999572753906,201.72999572753906,194.74000549316406,199.5,125368100
2026-05-05,196.05186462402344,196.5,200.24000549316406,196.02999877929688,199.3000030517578,113406600
2026-05-06,207.3560333251953,207.8300018310547,208.27000427246094,198.61000061035156,199.88999938964844,188362800
2026-05-07,211.01766967773438,211.5,214.1999969482422,206.5,208.33999633789062,168307900
2026-05-08,214.709228515625,215.1999969482422,217.8000030517578,212.88999938964844,213.02999877929688,136421400
2026-05-11,218.93955993652344,219.44000244140625,222.3000030517578,213.88999938964844,214.0399932861328,160685800
2026-05-12,220.27650451660156,220.77999877929688,223.75,214.9199981689453,218.5500030517578,159176600
2026-05-13,225.3149871826172,225.8300018310547,227.83999633789062,221.57000732421875,224.92999267578125,150405400
2026-05-14,235.202392578125,235.74000549316406,236.5399932861328,229.3000030517578,229.85000610351562,180782900
2026-05-15,224.80616760253906,225.32000732421875,231.5,224.24000549316406,229.75999450683594,180977600
2026-05-18,221.81300354003906,222.32000732421875,230.0,218.3699951171875,229.8699951171875,146280900
2026-05-19,220.1068878173828,220.61000061035156,224.47999572753906,217.91000366210938,219.6199951171875,140948200
2026-05-20,222.9603729248047,223.47000122070312,226.1300048828125,220.5,223.17999267578125,184201600
2026-05-21,219.0093994140625,219.50999450683594,227.39999389648438,217.92999267578125,222.2899932861328,203381800
2026-05-22,214.83892822265625,215.3300018310547,221.00999450683594,214.8000030517578,220.89999389648438,169275700
2026-05-26,214.37001037597656,214.86000061035156,218.17999267578125,212.0,216.5399932861328,187202600
2026-05-27,212.1151580810547,212.60000610351562,214.14999389648438,208.77999877929688,214.1199951171875,167601200
2026-05-28,213.76138305664062,214.25,215.52000427246094,211.22000122070312,211.27999877929688,143996000
2026-05-29,210.6584930419922,211.13999938964844,217.86000061035156,211.1300048828125,214.5800018310547,289410600
2026-06-01,223.8483428955078,224.36000061035156,224.8699951171875,215.6999969482422,215.72999572753906,212850700
2026-06-02,222.3118438720703,222.82000732421875,232.27999877929688,221.35000610351562,227.17999267578125,193362900
2026-06-03,214.26025390625,214.75,222.82000732421875,214.50999450683594,221.72000122070312,160907000
2026-06-04,218.4156036376953,218.66000366210938,221.60000610351562,210.97000122070312,213.91000366210938,169022200
2026-06-05,204.87075805664062,205.10000610351562,214.8699951171875,204.3300018310547,214.52999877929688,219655500
2026-06-08,208.40679931640625,208.63999938964844,210.47000122070312,206.0,210.17999267578125,138372800
2026-06-09,207.95730590820312,208.19000244140625,211.39999389648438,199.33999633789062,210.6199951171875,180962500
2026-06-10,200.19598388671875,200.4199981689453,207.22000122070312,199.9199981689453,204.42999267578125,161746600
2026-06-11,204.64100646972656,204.8699951171875,205.66000366210938,199.5399932861328,201.49000549316406,158643200
2026-06-12,204.96066284179688,205.19000244140625,207.07000732421875,203.44000244140625,204.86000061035156,112001800
2026-06-15,212.21253967285156,212.4499969482422,212.7100067138672,208.33999633789062,208.9199981689453,149936700
2026-06-16,207.1781768798828,207.41000366210938,211.49000549316406,207.2899932861328,211.17999267578125,125694100
2026-06-17,204.42124938964844,204.64999389648438,209.2100067138672,203.0800018310547,208.52999877929688,128363500
2026-06-18,210.4545135498047,210.69000244140625,211.38999938964844,206.5,207.3300018310547,241272000
2026-06-22,208.41677856445312,208.64999389648438,213.99000549316406,207.72000122070312,211.44000244140625,122041400
2026-06-23,199.81640625,200.0399932861328,203.77000427246094,200.0,202.1699981689453,153496200
2026-06-24,198.77757263183594,199.0,201.6699981689453,196.5800018310547,200.1199951171875,151810700
2026-06-25,195.52122497558594,195.74000549316406,200.8000030517578,192.1300048828125,200.0800018310547,149550000
2026-06-26,192.31480407714844,192.52999877929688,195.5500030517578,191.22000122070312,193.1199951171875,179304100
2026-06-29,194.7520751953125,194.97000122070312,196.17999267578125,189.8000030517578,193.85000610351562,148835700
2026-06-30,199.86634826660156,200.08999633789062,200.6300048828125,195.11000061035156,197.24000549316406,166476700
2026-07-01,197.35916137695312,197.5800018310547,199.85000610351562,193.4499969482422,196.1999969482422,146147600
2026-07-02,194.61224365234375,194.8300018310547,200.05999755859375,192.35000610351562,197.13999938964844,142068700
2026-07-06,195.33143615722656,195.5500030517578,197.5500030517578,193.99000549316406,194.4199981689453,108999000
2026-07-07,196.7098846435547,196.92999267578125,198.41000366210938,191.13999938964844,192.3699951171875,124154600
2026-07-08,203.891845703125,204.1199951171875,205.16000366210938,195.05999755859375,195.17999267578125,147419100
2026-07-09,202.5533447265625,202.77999877929688,204.58999633789062,198.9600067138672,204.4600067138672,132037400
2026-07-10,210.72421264648438,210.9600067138672,211.0,201.9199981689453,202.0,148421000
2026-07-13,203.30250549316406,203.52999877929688,210.57000732421875,203.0,208.5399932861328,121411000
2026-07-14,211.5632781982422,211.8000030517578,212.5500030517578,203.8000030517578,208.1999969482422,124379600
2026-07-15,212.26248168945312,212.5,213.80999755859375,206.0399932861328,211.9600067138672,124797200
2026-07-16,207.16818237304688,207.39999389648438,211.0800018310547,205.85000610351562,210.1699981689453,122986100
2026-07-17,202.58331298828125,202.80999755859375,206.64999389648438,197.97000122070312,202.63999938964844,144281900
2026-07-20,203.05279541015625,203.27999877929688,207.74000549316406,202.27999877929688,205.8699951171875,88701500
2026-07-21,207.0583038330078,207.2899932861328,208.64999389648438,204.00999450683594,207.5399932861328,108685600
2026-07-22,211.82298278808594,212.05999755859375,214.38999938964844,204.9499969482422,205.80999755859375,137645600
2026-07-23,208.5266571044922,208.75999450683594,210.8699951171875,205.9600067138672,209.4600067138672,110505300
2026-07-24,206.6088104248047,206.83999633789062,211.91000366210938,204.80999755859375,207.4499969482422,114836800
2026-07-27,196.2903594970703,196.50999450683594,208.75,195.44000244140625,208.1999969482422,154353700
2026-07-28,196.789794921875,197.00999450683594,198.6999969482422,192.74000549316406,195.0,134111500
2026-07-29,189.79762268066406,190.00999450683594,197.07000732421875,190.00999450683594,195.85000610351562,147680800
2026-07-30,194.82199096679688,195.0399932861328,197.25,191.52000427246094,193.4499969482422,129010200
2026-07-31,200.52561950683594,200.75,202.0,194.9499969482422,198.44000244140625,139961200
2026-08-03,206.40904235839844,206.63999938964844,208.74000549316406,196.85000610351562,197.69000244140625,128406900
2026-08-04,211.70310974121094,211.94000244140625,213.05999755859375,209.0500030517578,211.3000030517578,134922000
2026-08-05,218.9749755859375,219.22000122070312,222.22000122070312,216.39999389648438,216.86000061035156,158187400
2026-08-06,218.7452392578125,218.99000549316406,223.6300048828125,217.0,221.52999877929688,113940600
2026-08-07,223.70968627929688,223.9600067138672,224.75999450683594,220.66000366210938,221.5399932861328,105669400
2026-08-10,217.3068389892578,217.5500030517578,224.13999938964844,216.77000427246094,223.39999389648438,115846600
2026-08-11,217.25689697265625,217.5,222.1999969482422,216.1999969482422,222.1699981689453,101273100
2026-08-12,223.8395233154297,224.08999633789062,225.10000610351562,220.1999969482422,221.0399932861328,108783600
2026-08-13,225.04818725585938,225.3000030517578,227.22999572753906,223.7100067138672,225.05999755859375,98867200
2026-08-14,224.90834045410156,225.16000366210938,227.49000549316406,224.5,226.77000427246094,75680900
2026-08-17,224.7584991455078,225.00999450683594,227.9199981689453,224.86000061035156,225.97999572753906,93678700
2026-08-18,219.49440002441406,219.74000549316406,221.63999938964844,218.69000244140625,220.4499969482422,103128200
2026-08-19,217.31683349609375,217.55999755859375,222.8699951171875,216.75999450683594,221.6699981689453,96797300
2026-08-20,216.60763549804688,216.85000610351562,219.86000061035156,215.66000366210938,218.36000061035156,92457000
2026-08-21,214.48001098632812,214.72000122070312,218.74000549316406,214.5,218.4199981689453,98869300
2026-08-24,208.24697875976562,208.47999572753906,215.58999633789062,207.25,215.52999877929688,135187300
2026-08-25,212.81187438964844,213.0500030517578,214.72999572753906,210.11000061035156,211.02999877929688,122309000
2026-08-26,209.4256591796875,209.66000366210938,213.60000610351562,209.22999572753906,212.63999938964844,179900000
2026-08-27,227.7251739501953,227.97999572753906,230.47000122070312,220.89999389648438,222.86000061035156,298909800
2026-08-28,217.3068389892578,217.5500030517578,229.25999450683594,216.80999755859375,227.36000061035156,195116400
2026-08-31,220.53323364257812,220.77999877929688,221.3000030517578,216.2100067138672,218.8699951171875,124702700
2026-09-01,217.1969757080078,217.44000244140625,220.41000366210938,215.10000610351562,216.75,109756200
2026-09-02,224.1591796875,224.41000366210938,227.9499969482422,218.47999572753906,218.7899932861328,157104700
2026-09-03,228.1946563720703,228.4499969482422,230.39999389648438,224.75,226.02000427246094,134681600
2026-09-04,230.10252380371094,230.36000061035156,234.75999450683594,229.6300048828125,231.08999633789062,135352400
2026-09-08,225.47769165039062,225.72999572753906,233.7100067138672,224.85000610351562,233.11000061035156,122965600
2026-09-09,223.4199981689453,223.6699981689453,226.17999267578125,223.4600067138672,225.27999877929688,82955500
2026-09-10,218.36000061035156,218.36000061035156,220.99000549316406,217.1999969482422,220.52999877929688,105768000
2026-09-11,218.2899932861328,218.2899932861328,222.0,218.14999389648438,221.24000549316406,89060100
2026-09-14,210.9600067138672,210.9600067138672,212.77000427246094,208.92999267578125,211.24000549316406,132267200
2026-09-15,212.1699981689453,212.1699981689453,213.94000244140625,211.16000366210938,213.3800048828125,87726200
