Date,Adj Close,Close,High,Low,Open,Volume
2020-01-02,296.1252746582031,324.8699951171875,324.8900146484375,322.5299987792969,323.5400085449219,59151200
2020-01-03,293.8829040527344,322.4100036621094,323.6400146484375,321.1000061035156,321.1600036621094,77709700
2020-01-06,295.0041809082031,323.6400146484375,323.7300109863281,320.3599853515625,320.489990234375,55653900
2020-01-07,294.1746826171875,322.7300109863281,323.5400085449219,322.239990234375,323.0199890136719,40496400
2020-01-08,295.7424621582031,324.45001220703125,325.7799987792969,322.6700134277344,322.94000244140625,68296000
2020-01-09,297.7477722167969,326.6499938964844,326.7300109863281,325.5199890136719,326.1600036621094,48473300
2020-01-10,296.8909912109375,325.7099914550781,327.4599914550781,325.20001220703125,327.2900085449219,53029300
2020-01-13,298.932861328125,327.95001220703125,327.9599914550781,325.9200134277344,326.3900146484375,47086800
2020-01-14,298.47705078125,327.45001220703125,328.6199951171875,326.8399963378906,327.4700012207031,62832800
2020-01-15,299.15155029296875,328.19000244140625,329.0199890136719,327.260009765625,327.3500061035156,72056600
2020-01-16,301.63995361328125,330.9200134277344,330.9200134277344,329.45001220703125,329.70001220703125,54050300
2020-01-17,302.57879638671875,331.95001220703125,332.17999267578125,330.8500061035156,331.70001220703125,95846000
2020-01-21,301.986328125,331.29998779296875,332.17999267578125,330.82000732421875,330.8999938964844,77742400
2020-01-22,302.0228271484375,331.3399963378906,332.95001220703125,331.1700134277344,332.239990234375,48914900
2020-01-23,302.3692321777344,331.7200012207031,332.1700134277344,329.4100036621094,330.6300048828125,51963000
2020-01-24,299.6802062988281,328.7699890136719,332.5299987792969,327.3599853515625,332.44000244140625,87578400
2020-01-27,294.8764953613281,323.5,325.1199951171875,322.6600036621094,323.0299987792969,84062500
2020-01-28,297.966552734375,326.8900146484375,327.8500061035156,323.6000061035156,325.05999755859375,63834000
2020-01-29,297.720458984375,326.6199951171875,328.6300048828125,326.3999938964844,328.3800048828125,53888900
2020-01-30,298.6866455078125,327.67999267578125,327.9100036621094,323.5400085449219,324.3599853515625,75491800
2020-01-31,293.2630920410156,321.7300109863281,327.1700134277344,320.7300109863281,327.0,113845600
2020-02-03,295.4417419433594,324.1199951171875,326.1600036621094,323.2200012207031,323.3500061035156,69083000
2020-02-04,299.944580078125,329.05999755859375,330.010009765625,327.7200012207031,328.07000732421875,62573200
2020-02-05,303.40826416015625,332.8599853515625,333.0899963378906,330.6700134277344,332.2699890136719,65951100
2020-02-06,304.4292297363281,333.9800109863281,334.19000244140625,332.79998779296875,333.9100036621094,50359700
2020-02-07,302.8067626953125,332.20001220703125,333.989990234375,331.6000061035156,332.82000732421875,64139400
2020-02-10,305.0672912597656,334.67999267578125,334.75,331.19000244140625,331.2300109863281,42070000
2020-02-11,305.5960388183594,335.260009765625,337.0199890136719,334.67999267578125,336.1600036621094,54864500
2020-02-12,307.5648193359375,337.4200134277344,337.6499938964844,336.42999267578125,336.8299865722656,43992700
2020-02-13,307.23675537109375,337.05999755859375,338.1199951171875,335.55999755859375,335.8599853515625,54501900
2020-02-14,307.72900390625,337.6000061035156,337.7300109863281,336.20001220703125,337.510009765625,64582200
2020-02-18,306.9359436035156,336.7300109863281,337.6700134277344,335.2099914550781,336.510009765625,57226200
2020-02-19,308.4034423828125,338.3399963378906,339.0799865722656,337.4800109863281,337.7900085449219,48814700
2020-02-20,307.1365051269531,336.95001220703125,338.6400146484375,333.67999267578125,337.739990234375,74163400
2020-02-21,303.97344970703125,333.4800109863281,335.80999755859375,332.5799865722656,335.4700012207031,113788200
2020-02-24,293.8920593261719,322.4200134277344,333.55999755859375,321.239990234375,323.1400146484375,161088400
2020-02-25,284.98651123046875,312.6499938964844,324.6099853515625,311.69000244140625,323.94000244140625,218913200
2020-02-26,283.93829345703125,311.5,318.1099853515625,310.70001220703125,314.17999267578125,194773800
2020-02-27,271.18609619140625,297.510009765625,311.55999755859375,297.510009765625,305.4599914550781,284353500
2020-02-28,270.04669189453125,296.260009765625,297.8900146484375,285.5400085449219,288.70001220703125,384975800
2020-03-02,281.74151611328125,309.0899963378906,309.1600036621094,294.4599914550781,298.2099914550781,238703600
2020-03-03,273.6745300292969,300.239990234375,313.8399963378906,297.57000732421875,309.5,300139100
2020-03-04,285.177978515625,312.8599853515625,313.1000061035156,303.3299865722656,306.1199951171875,176613400
2020-03-05,275.6981506347656,302.4599914550781,308.4700012207031,300.010009765625,304.9800109863281,186366800
2020-03-06,271.1405029296875,297.4599914550781,298.7799987792969,290.2300109863281,293.1499938964844,228667200
2020-03-09,249.9659423828125,274.2300109863281,284.19000244140625,273.45001220703125,275.29998779296875,309417300
2020-03-10,262.900390625,288.4200134277344,288.5199890136719,273.5,284.6400146484375,276444100
2020-03-11,250.08445739746094,274.3599853515625,281.94000244140625,270.8800048828125,280.70001220703125,255316300
2020-03-12,226.15707397460938,248.11000061035156,266.6600036621094,247.67999267578125,256.0,392220700
2020-03-13,245.4904022216797,269.32000732421875,271.4800109863281,248.52000427246094,263.0899963378906,329566100
2020-03-16,218.62791442871094,239.85000610351562,256.8999938964844,237.36000061035156,241.17999267578125,297240000
2020-03-17,230.43211364746094,252.8000030517578,256.1700134277344,237.07000732421875,245.0399932861328,262070500
2020-03-18,218.76466369628906,240.0,248.3699951171875,228.02000427246094,236.25,327597100
2020-03-19,219.22952270507812,240.50999450683594,247.3800048828125,232.22000122070312,239.25,289322000
2020-03-20,209.78199768066406,228.8000030517578,244.47000122070312,228.5,242.52999877929688,347158800
2020-03-23,204.41824340820312,222.9499969482422,229.67999267578125,218.25999450683594,228.19000244140625,326025200
2020-03-24,222.93919372558594,243.14999389648438,244.10000610351562,233.8000030517578,234.4199981689453,235494500
2020-03-25,226.2766571044922,246.7899932861328,256.3500061035156,239.75,244.8699951171875,299430300
2020-03-26,239.48886108398438,261.20001220703125,262.79998779296875,249.0500030517578,249.52000427246094,257632800
2020-03-27,232.35557556152344,253.4199981689453,260.80999755859375,251.0500030517578,253.27000427246094,224341200
2020-03-30,239.9014892578125,261.6499938964844,262.42999267578125,253.52999877929688,255.6999969482422,171369500
2020-03-31,236.32565307617188,257.75,263.3299865722656,256.2200012207031,260.55999755859375,194881100
2020-04-01,225.6898651123047,246.14999389648438,257.6600036621094,243.89999389648438,247.97999572753906,189554600
2020-04-02,230.8977508544922,251.8300018310547,252.67999267578125,244.58999633789062,245.19000244140625,177660400
2020-04-03,227.56027221679688,248.19000244140625,253.32000732421875,245.22000122070312,250.75999450683594,135561200
2020-04-06,242.8446502685547,264.8599853515625,267.0,248.1699981689453,257.8399963378906,188061200
2020-04-07,243.0922088623047,265.1300048828125,275.0299987792969,264.8900146484375,274.2099914550781,201427200
2020-04-08,251.25242614746094,274.0299987792969,276.0,265.25,267.9599914550781,153774500
2020-04-09,255.07582092285156,278.20001220703125,281.20001220703125,275.4700012207031,277.5799865722656,189999200
2020-04-13,252.7469482421875,275.6600036621094,277.510009765625,271.4100036621094,277.1400146484375,114839100
2020-04-14,260.20123291015625,283.7900085449219,284.8999938964844,275.510009765625,280.9800109863281,134143400
2020-04-15,254.6724395751953,277.760009765625,283.94000244140625,275.4599914550781,277.57000732421875,121775000
2020-04-16,255.90106201171875,279.1000061035156,280.0299987792969,275.760009765625,279.1499938964844,131798300
2020-04-17,262.81427001953125,286.6400146484375,287.29998779296875,282.3999938964844,285.3800048828125,146684800
2020-04-20,258.1840515136719,281.5899963378906,286.7900085449219,281.3500061035156,282.6099853515625,100109300
2020-04-21,250.34474182128906,273.0400085449219,278.0400085449219,272.0199890136719,276.7300109863281,126385700
2020-04-22,255.90106201171875,279.1000061035156,281.0,276.9100036621094,278.3500061035156,92951600
2020-04-23,255.88270568847656,279.0799865722656,283.94000244140625,278.75,280.489990234375,104709700
2020-04-24,259.44940185546875,282.9700012207031,283.70001220703125,278.5,280.7300109863281,85063200
2020-04-27,263.1901550292969,287.04998779296875,288.2699890136719,284.6199951171875,285.1199951171875,77896600
2020-04-28,261.9800109863281,285.7300109863281,291.3999938964844,285.3999938964844,291.0199890136719,105270000
2020-04-29,268.83819580078125,293.2099914550781,294.8800048828125,290.4100036621094,291.5299987792969,118745600
2020-04-30,266.3350524902344,290.4800109863281,293.32000732421875,288.5899963378906,291.7099914550781,122901700
2020-05-01,259.2843017578125,282.7900085449219,290.6600036621094,281.5199890136719,285.30999755859375,125180000
2020-05-04,259.9994812011719,283.57000732421875,283.8999938964844,279.1300048828125,280.739990234375,80873200
2020-05-05,262.4017333984375,286.19000244140625,289.25,283.7099914550781,286.6400146484375,79569900
2020-05-06,260.6229553222656,284.25,288.4599914550781,283.7799987792969,288.0400085449219,73632600
2020-05-07,263.76788330078125,287.67999267578125,289.7799987792969,287.1300048828125,287.75,75250400
2020-05-08,268.13226318359375,292.44000244140625,292.95001220703125,289.8599853515625,291.0899963378906,76452400
2020-05-11,268.18719482421875,292.5,294.0,289.8800048828125,290.3399963378906,79514200
2020-05-12,262.84185791015625,286.6700134277344,294.239990234375,286.5199890136719,293.7900085449219,95870800
2020-05-13,258.1932067871094,281.6000061035156,287.19000244140625,278.9599914550781,286.05999755859375,144721100
2020-05-14,261.2830810546875,284.9700012207031,285.1099853515625,272.989990234375,278.95001220703125,121977900
2020-05-15,262.4842529296875,286.2799987792969,286.3299865722656,281.3399963378906,282.3699951171875,111146300
2020-05-18,270.4793701171875,295.0,296.75,292.70001220703125,293.04998779296875,119703800
2020-05-19,267.7012023925781,291.9700012207031,296.2099914550781,291.95001220703125,294.3500061035156,95189300
2020-05-20,272.2489929199219,296.92999267578125,297.8699951171875,295.57000732421875,295.82000732421875,85861700
2020-05-21,270.36944580078125,294.8800048828125,297.6700134277344,293.69000244140625,296.7900085449219,78293900
2020-05-22,270.8828125,295.44000244140625,295.6300048828125,293.2200012207031,294.57000732421875,63958200
2020-05-26,274.22027587890625,299.0799865722656,302.19000244140625,295.4599914550781,301.92999267578125,88951400
2020-05-27,278.3004150390625,303.5299987792969,303.57000732421875,296.8699951171875,302.1199951171875,104817400
2020-05-28,277.7868957519531,302.9700012207031,306.8399963378906,302.239990234375,304.6499938964844,90405200
2020-05-29,279.0246887207031,304.32000732421875,304.9599914550781,299.4700012207031,302.4599914550781,119090800
2020-06-01,280.1524963378906,305.54998779296875,306.2099914550781,303.05999755859375,303.6199951171875,55758300
2020-06-02,282.47222900390625,308.0799865722656,308.1300048828125,305.1000061035156,306.54998779296875,74267200
2020-06-03,286.23138427734375,312.17999267578125,313.2200012207031,309.94000244140625,310.239990234375,92567600
2020-06-04,285.47955322265625,311.3599853515625,313.0,309.0799865722656,311.1099853515625,75794400
2020-06-05,292.7962951660156,319.3399963378906,321.2699890136719,317.1600036621094,317.2300109863281,150524700
2020-06-08,296.3354187011719,323.20001220703125,323.4100036621094,319.6300048828125,320.2200012207031,73641200
2020-06-09,294.1257629394531,320.7900085449219,323.2799987792969,319.3599853515625,320.29998779296875,77479200
2020-06-10,292.4844970703125,319.0,322.3900146484375,318.2200012207031,321.4200134277344,95000800
2020-06-11,275.6230773925781,300.6099853515625,312.1499938964844,300.010009765625,311.4599914550781,209243600
2020-06-12,278.9237976074219,304.2099914550781,309.0799865722656,298.6000061035156,308.239990234375,194678900
2020-06-15,281.52783203125,307.04998779296875,308.2799987792969,296.739990234375,298.0199890136719,135782700
2020-06-16,286.9465637207031,312.9599914550781,315.6400146484375,307.6700134277344,315.4800109863281,137627500
2020-06-17,285.754638671875,311.6600036621094,314.3900146484375,310.8599853515625,314.07000732421875,83398900
2020-06-18,285.8646545410156,311.7799987792969,312.29998779296875,309.510009765625,310.010009765625,80828700
2020-06-19,284.2309875488281,308.6400146484375,314.3800048828125,306.5299987792969,314.1700134277344,135549600
2020-06-22,286.0543212890625,310.6199951171875,311.04998779296875,306.75,307.989990234375,74649400
2020-06-23,287.3712158203125,312.04998779296875,314.5,311.6099853515625,313.489990234375,68471200
2020-06-24,280.04083251953125,304.0899963378906,310.510009765625,302.1000061035156,309.8399963378906,132813500
2020-06-25,283.0429382324219,307.3500061035156,307.6400146484375,301.2799987792969,303.4700012207031,89468000
2020-06-26,276.3201904296875,300.04998779296875,306.3900146484375,299.4200134277344,306.1600036621094,127961000
2020-06-29,280.3815612792969,304.4599914550781,304.6099853515625,298.92999267578125,301.4100036621094,79773300
2020-06-30,283.9730529785156,308.3599853515625,310.20001220703125,303.82000732421875,303.989990234375,113394800
2020-07-01,285.9622497558594,310.5199890136719,311.8900146484375,309.07000732421875,309.57000732421875,72396500
2020-07-02,287.5369567871094,312.2300109863281,315.70001220703125,311.510009765625,314.239990234375,69344200
2020-07-06,291.975830078125,317.04998779296875,317.67999267578125,315.55999755859375,316.3699951171875,61713800
2020-07-07,288.9644470214844,313.7799987792969,317.5199890136719,313.3699951171875,315.3800048828125,82910000
2020-07-08,291.1746520996094,316.17999267578125,316.29998779296875,312.70001220703125,314.6099853515625,54638600
2020-07-09,289.5169982910156,314.3800048828125,317.1000061035156,310.67999267578125,316.8399963378906,83354200
2020-07-10,292.47314453125,317.5899963378906,317.8800048828125,312.760009765625,314.30999755859375,57550400
2020-07-13,289.9406433105469,314.8399963378906,322.7099914550781,314.1300048828125,320.1300048828125,102997500
2020-07-14,293.69793701171875,318.9200134277344,319.760009765625,312.0,313.29998779296875,93657000
2020-07-15,296.39617919921875,321.8500061035156,323.0400085449219,319.2699890136719,322.4100036621094,87196500
2020-07-16,295.4200439453125,320.7900085449219,321.2799987792969,319.0899963378906,319.7900085449219,54622500
2020-07-17,296.2764892578125,321.7200012207031,322.57000732421875,319.739990234375,321.8800048828125,62774900
2020-07-20,298.6709289550781,324.32000732421875,325.1300048828125,320.6199951171875,321.42999267578125,56308800
2020-07-21,299.3063049316406,325.010009765625,326.92999267578125,323.94000244140625,326.45001220703125,57292200
2020-07-22,301.0099792480469,326.8599853515625,327.20001220703125,324.5,324.6199951171875,57792900
2020-07-23,297.4184875488281,322.9599914550781,327.2300109863281,321.4800109863281,326.4700012207031,75738000
2020-07-24,295.5029602050781,320.8800048828125,321.989990234375,319.25,320.95001220703125,73766600
2020-07-27,297.65789794921875,323.2200012207031,323.4100036621094,320.7699890136719,321.6300048828125,48293000
2020-07-28,295.77001953125,321.1700134277344,323.6400146484375,320.8500061035156,322.42999267578125,57495000
2020-07-29,299.4075927734375,325.1199951171875,325.7300109863281,322.0799865722656,322.1199951171875,48454200
2020-07-30,298.33935546875,323.9599914550781,324.4100036621094,319.6400146484375,321.8999938964844,61861700
2020-07-31,300.6968994140625,326.5199890136719,326.6300048828125,321.3299865722656,325.8999938964844,84986800
2020-08-03,302.7873840332031,328.7900085449219,329.6199951171875,327.7300109863281,328.32000732421875,53077900
2020-08-04,303.9569396972656,330.05999755859375,330.05999755859375,327.8599853515625,327.8599853515625,41917900
2020-08-05,305.8448181152344,332.1099853515625,332.3900146484375,331.17999267578125,331.4700012207031,42697700
2020-08-06,307.88916015625,334.3299865722656,334.4599914550781,331.1300048828125,331.4800109863281,43679400
2020-08-07,308.11029052734375,334.57000732421875,334.8800048828125,332.29998779296875,333.2799987792969,57308300
2020-08-10,309.0312194824219,335.57000732421875,335.7699890136719,332.9599914550781,335.05999755859375,44282100
2020-08-11,306.480224609375,332.79998779296875,337.5400085449219,332.010009765625,336.8500061035156,69601100
2020-08-12,310.7532653808594,337.44000244140625,338.2799987792969,335.4100036621094,335.44000244140625,53774400
2020-08-13,310.1914978027344,336.8299865722656,338.25,335.8299865722656,336.6099853515625,41816100
2020-08-14,310.2007141113281,336.8399963378906,337.4200134277344,335.6199951171875,336.4100036621094,47260400
2020-08-17,311.1861267089844,337.9100036621094,338.3399963378906,336.8500061035156,337.94000244140625,35481000
2020-08-18,311.8583984375,338.6400146484375,339.1000061035156,336.6099853515625,338.3399963378906,38733900
2020-08-19,310.55987548828125,337.2300109863281,339.6099853515625,336.6199951171875,339.04998779296875,68054200
2020-08-20,311.52685546875,338.2799987792969,338.79998779296875,335.2200012207031,335.3599853515625,42207800
2020-08-21,312.63189697265625,339.4800109863281,339.7200012207031,337.54998779296875,337.9200134277344,55106600
2020-08-24,315.79986572265625,342.9200134277344,343.0,339.45001220703125,342.1199951171875,48588700
2020-08-25,316.9049987792969,344.1199951171875,344.2099914550781,342.2699890136719,343.5299987792969,38463400
2020-08-26,320.08209228515625,347.57000732421875,347.8599853515625,344.1700134277344,344.760009765625,50790200
2020-08-27,320.78204345703125,348.3299865722656,349.8999938964844,346.5299987792969,348.510009765625,58034100
2020-08-28,322.8539733886719,350.5799865722656,350.7200012207031,348.1499938964844,349.44000244140625,48588900
2020-08-31,321.6844787597656,349.30999755859375,351.29998779296875,349.05999755859375,350.3500061035156,66099200
2020-09-01,324.7143859863281,352.6000061035156,352.7099914550781,349.239990234375,350.2099914550781,54908700
2020-09-02,329.4109802246094,357.70001220703125,358.75,353.42999267578125,354.6700134277344,69540000
2020-09-03,318.0745544433594,345.3900146484375,356.3800048828125,342.5899963378906,355.8699951171875,148011100
2020-09-04,315.4775390625,342.57000732421875,347.8299865722656,334.8699951171875,346.1300048828125,139156300
2020-09-08,306.8577880859375,333.2099914550781,342.6400146484375,332.8800048828125,336.7099914550781,114465300
2020-09-09,312.9174499511719,339.7900085449219,342.4599914550781,336.6099853515625,337.54998779296875,91462300
2020-09-10,307.4840087890625,333.8900146484375,342.5299987792969,332.8500061035156,341.82000732421875,90569500
2020-09-11,307.6405944824219,334.05999755859375,336.9700012207031,331.0,335.82000732421875,84680200
2020-09-14,311.69256591796875,338.4599914550781,340.3800048828125,334.2200012207031,337.489990234375,65605700
2020-09-15,313.267333984375,340.1700134277344,342.0199890136719,338.4700012207031,341.1199951171875,52920900
2020-09-16,312.024169921875,338.82000732421875,343.05999755859375,338.5199890136719,341.510009765625,82096000
2020-09-17,309.2797546386719,335.8399963378906,337.70001220703125,332.989990234375,333.55999755859375,91523300
2020-09-18,305.71917724609375,330.6499938964844,335.489990234375,327.9700012207031,335.3699951171875,105877900
2020-09-21,302.3166198730469,326.9700012207031,327.1300048828125,321.7300109863281,325.70001220703125,99450800
2020-09-22,305.3955993652344,330.29998779296875,330.8999938964844,325.8599853515625,328.57000732421875,63612100
2020-09-23,298.3131408691406,322.6400146484375,331.20001220703125,322.1000061035156,330.8999938964844,93112200
2020-09-24,299.1082458496094,323.5,326.79998779296875,319.79998779296875,321.2200012207031,76681300
2020-09-25,303.9438781738281,328.7300109863281,329.5799865722656,321.6400146484375,322.5799865722656,71069400
2020-09-28,308.99224853515625,334.19000244140625,334.9599914550781,332.1499938964844,333.2200012207031,64584600
2020-09-29,307.3094787597656,332.3699951171875,334.7699890136719,331.6199951171875,333.9700012207031,51304000
2020-09-30,309.6394958496094,334.8900146484375,338.2900085449219,332.8800048828125,333.0899963378906,104081100
2020-10-01,311.62738037109375,337.0400085449219,338.739990234375,335.010009765625,337.69000244140625,88698700
2020-10-02,308.6686096191406,333.8399963378906,337.010009765625,331.19000244140625,331.70001220703125,89431100
2020-10-05,314.14227294921875,339.760009765625,339.9599914550781,336.010009765625,336.05999755859375,45713100
2020-10-06,309.676513671875,334.92999267578125,342.1700134277344,334.3800048828125,339.9100036621094,90128900
2020-10-07,315.0669250488281,340.760009765625,341.6300048828125,338.0899963378906,338.1199951171875,56999600
2020-10-08,317.85919189453125,343.7799987792969,343.8500061035156,341.8599853515625,342.8500061035156,45242500
2020-10-09,320.6976623535156,346.8500061035156,347.3500061035156,344.8900146484375,345.55999755859375,59528600
2020-10-12,325.8570556640625,352.42999267578125,354.0199890136719,349.05999755859375,349.5899963378906,80388500
2020-10-13,323.7303771972656,350.1300048828125,352.4700012207031,349.0899963378906,352.2799987792969,73255500
2020-10-14,321.6961975097656,347.92999267578125,351.92999267578125,347.1400146484375,350.75,57727900
2020-10-15,321.2987060546875,347.5,348.0199890136719,343.1300048828125,343.7099914550781,60357700
2020-10-16,321.1045227050781,347.2900085449219,350.75,347.1000061035156,348.9599914550781,89501900
2020-10-19,316.2226257324219,342.010009765625,349.3299865722656,341.0400085449219,348.6499938964844,68425600
2020-10-20,317.4894104003906,343.3800048828125,346.8800048828125,342.6400146484375,343.4599914550781,60051900
2020-10-21,316.88836669921875,342.7300109863281,345.6700134277344,342.3999938964844,343.3299865722656,63575000
2020-10-22,318.6265563964844,344.6099853515625,345.239990234375,340.6499938964844,342.9599914550781,55399300
2020-10-23,319.7083435058594,345.7799987792969,345.989990234375,343.1300048828125,345.92999267578125,49143900
2020-10-26,313.8001708984375,339.3900146484375,342.9800109863281,335.6199951171875,342.1300048828125,91473000
2020-10-27,312.7184753417969,338.2200012207031,340.1199951171875,337.989990234375,339.760009765625,65994100
2020-10-28,302.0299987792969,326.6600036621094,338.25,326.1300048828125,332.1000061035156,127094300
2020-10-29,305.099609375,329.9800109863281,333.3999938964844,325.0899963378906,326.9100036621094,90597700
2020-10-30,301.91912841796875,326.5400085449219,329.69000244140625,322.6000061035156,328.2799987792969,120287300
2020-11-02,305.30303955078125,330.20001220703125,332.3599853515625,327.239990234375,330.20001220703125,86068300
2020-11-03,310.6935729980469,336.0299987792969,338.25,330.2900085449219,333.69000244140625,93294200
2020-11-04,317.6372375488281,343.5400085449219,347.94000244140625,339.5899963378906,340.8599853515625,126959700
2020-11-05,323.8321533203125,350.239990234375,352.19000244140625,348.8599853515625,349.239990234375,82039700
2020-11-06,323.7580871582031,350.1600036621094,351.510009765625,347.6499938964844,349.92999267578125,74973000
2020-11-09,327.826416015625,354.55999755859375,364.3800048828125,354.05999755859375,363.9700012207031,172304200
2020-11-10,327.3455810546875,354.0400085449219,355.17999267578125,350.510009765625,353.489990234375,85552000
2020-11-11,329.7773132324219,356.6700134277344,357.55999755859375,355.05999755859375,356.3999938964844,58649000
2020-11-12,326.578125,353.2099914550781,356.7200012207031,351.260009765625,355.5799865722656,67546200
2020-11-13,331.0994567871094,358.1000061035156,358.8999938964844,354.7099914550781,355.2699890136719,62892200
2020-11-16,335.23248291015625,362.57000732421875,362.7799987792969,359.5899963378906,360.9800109863281,74541100
2020-11-17,333.429443359375,360.6199951171875,361.9200134277344,358.3399963378906,359.9700012207031,66111000
2020-11-18,329.4166564941406,356.2799987792969,361.5,356.239990234375,360.9100036621094,70591300
2020-11-19,330.80352783203125,357.7799987792969,358.17999267578125,354.1499938964844,355.6000061035156,59940900
2020-11-20,328.53826904296875,355.3299865722656,357.7200012207031,355.25,357.5,70417300
2020-11-23,330.5076904296875,357.4599914550781,358.82000732421875,354.8699951171875,357.2799987792969,63230600
2020-11-24,335.83343505859375,363.2200012207031,363.80999755859375,359.2900085449219,360.2099914550781,62415900
2020-11-25,335.3157043457031,362.6600036621094,363.1600036621094,361.4800109863281,363.1300048828125,45330900
2020-11-27,336.24945068359375,363.6700134277344,364.17999267578125,362.5799865722656,363.8399963378906,28514100
2020-11-30,334.7608947753906,362.05999755859375,363.1199951171875,359.1700134277344,362.8299865722656,83872700
2020-12-01,338.4223327636719,366.0199890136719,367.67999267578125,364.92999267578125,365.57000732421875,74231400
2020-12-02,339.1341857910156,366.7900085449219,366.9599914550781,364.20001220703125,364.82000732421875,45927000
2020-12-03,339.0418395996094,366.69000244140625,368.19000244140625,365.5,366.67999267578125,62882000
2020-12-04,341.9635314941406,369.8500061035156,369.8500061035156,367.2200012207031,367.32000732421875,50749900
2020-12-07,341.2607727050781,369.0899963378906,369.6199951171875,367.7200012207031,369.0199890136719,48944300
2020-12-08,342.2594299316406,370.1700134277344,370.7799987792969,367.6700134277344,367.7200012207031,42458900
2020-12-09,339.189697265625,366.8500061035156,371.04998779296875,365.95001220703125,370.8800048828125,74098300
2020-12-10,339.0787658691406,366.7300109863281,367.8599853515625,364.42999267578125,365.3699951171875,57735400
2020-12-11,338.68109130859375,366.29998779296875,366.739990234375,363.260009765625,364.8999938964844,57698600
2020-12-14,337.16485595703125,364.6600036621094,369.79998779296875,364.4700012207031,368.6400146484375,69216200
2020-12-15,341.7230224609375,369.5899963378906,369.5899963378906,365.9200134277344,367.3999938964844,63865300
2020-12-16,342.2594299316406,370.1700134277344,371.1600036621094,368.8699951171875,369.82000732421875,58420500
2020-12-17,344.17327880859375,372.239990234375,372.4599914550781,371.04998779296875,371.94000244140625,64119500
2020-12-18,342.79913330078125,369.17999267578125,371.1499938964844,367.0199890136719,370.9700012207031,136542300
2020-12-21,341.5733947753906,367.8599853515625,378.4599914550781,362.0299987792969,364.9700012207031,96386700
2020-12-22,340.9976806640625,367.239990234375,368.3299865722656,366.0299987792969,368.2099914550781,47949000
2020-12-23,341.3040771484375,367.57000732421875,369.6199951171875,367.2200012207031,368.2799987792969,46201400
2020-12-24,342.6319274902344,369.0,369.0299987792969,367.45001220703125,368.0799865722656,26457900
2020-12-28,345.5754089355469,372.1700134277344,372.5899963378906,371.07000732421875,371.739990234375,39000400
2020-12-29,344.9161376953125,371.4599914550781,374.0,370.8299865722656,373.80999755859375,53680500
2020-12-30,345.408203125,371.989990234375,373.1000061035156,371.57000732421875,372.3399963378906,49455300
2020-12-31,347.16326904296875,373.8800048828125,374.6600036621094,371.2300109863281,371.7799987792969,78520700
2021-01-04,342.43695068359375,368.7900085449219,375.45001220703125,364.82000732421875,375.30999755859375,110210800
2021-01-05,344.79534912109375,371.3299865722656,372.5,368.04998779296875,368.1000061035156,66426200
2021-01-06,346.85675048828125,373.54998779296875,376.9800109863281,369.1199951171875,369.7099914550781,107997700
2021-01-07,352.0102233886719,379.1000061035156,379.8999938964844,375.9100036621094,376.1000061035156,68766800
2021-01-08,354.01580810546875,381.260009765625,381.489990234375,377.1000061035156,380.5899963378906,71677200
2021-01-11,351.6294860839844,378.69000244140625,380.5799865722656,377.7200012207031,377.8500061035156,51034700
2021-01-12,351.7037658691406,378.7699890136719,379.8599853515625,376.3599853515625,378.8900146484375,52547700
2021-01-13,352.65093994140625,379.7900085449219,380.8599853515625,377.8500061035156,378.69000244140625,45303600
2021-01-14,351.4158935546875,378.4599914550781,381.1300048828125,378.1000061035156,380.5899963378906,49989100
2021-01-15,348.8532409667969,375.70001220703125,377.5799865722656,373.70001220703125,376.7200012207031,107160000
2021-01-19,351.5923767089844,378.6499938964844,379.2300109863281,376.75,378.3399963378906,51233300
2021-01-20,356.4579162597656,383.8900146484375,384.7900085449219,380.69000244140625,381.1099853515625,61836100
2021-01-21,356.7829284667969,384.239990234375,384.95001220703125,383.25,384.489990234375,47840100
2021-01-22,355.5201110839844,382.8800048828125,384.1300048828125,381.8399963378906,382.25,52860500
2021-01-25,356.9222106933594,384.3900146484375,384.7699890136719,378.4599914550781,383.6700134277344,70402000
2021-01-26,356.3651123046875,383.7900085449219,385.8500061035156,383.5400085449219,385.4100036621094,42665300
2021-01-27,347.65533447265625,374.4100036621094,380.32000732421875,372.010009765625,380.2200012207031,123351100
2021-01-28,350.6452941894531,377.6300048828125,381.92999267578125,375.8900146484375,376.3599853515625,94198100
2021-01-29,343.6254577636719,370.07000732421875,376.6700134277344,368.2699890136719,375.6300048828125,126765100
2021-02-01,349.3452453613281,376.2300109863281,377.3399963378906,370.3800048828125,373.7200012207031,75817600
2021-02-02,354.2851257324219,381.54998779296875,383.2200012207031,376.32000732421875,379.6499938964844,64450700
2021-02-03,354.56365966796875,381.8500061035156,383.70001220703125,380.4800109863281,382.44000244140625,52427100
2021-02-04,358.59356689453125,386.19000244140625,386.239990234375,381.9700012207031,382.9599914550781,47142600
2021-02-05,360.0048828125,387.7099914550781,388.4700012207031,386.1400146484375,388.20001220703125,48669800
2021-02-08,362.6048889160156,390.510009765625,390.55999755859375,388.3500061035156,389.2699890136719,38365200
2021-02-09,362.3634338378906,390.25,390.8900146484375,389.1700134277344,389.6099853515625,35551100
2021-02-10,362.20556640625,390.0799865722656,392.2799987792969,387.5,392.1199951171875,59154400
2021-02-11,362.79052734375,390.7099914550781,391.69000244140625,388.1000061035156,391.239990234375,42913300
2021-02-12,364.5826416015625,392.6400146484375,392.8999938964844,389.7699890136719,389.8500061035156,50593300
2021-02-16,364.2669372558594,392.29998779296875,394.1700134277344,391.5299987792969,393.9599914550781,50972400
2021-02-17,364.35052490234375,392.3900146484375,392.6600036621094,389.3299865722656,390.4200134277344,52290600
2021-02-18,362.79986572265625,390.7200012207031,391.5199890136719,387.739990234375,389.5899963378906,59712800
2021-02-19,362.1591796875,390.0299987792969,392.3800048828125,389.54998779296875,392.07000732421875,83241000
2021-02-22,359.3735046386719,387.0299987792969,389.6199951171875,386.739990234375,387.05999755859375,67414200
2021-02-23,359.8099060058594,387.5,388.95001220703125,380.20001220703125,384.6600036621094,107284100
2021-02-24,363.77471923828125,391.7699890136719,392.2300109863281,385.2699890136719,386.3299865722656,72433900
2021-02-25,355.0093688964844,382.3299865722656,391.8800048828125,380.7799987792969,390.4100036621094,146670500
2021-02-26,353.1801452636719,380.3599853515625,385.5799865722656,378.2300109863281,384.3500061035156,152701600
2021-03-01,361.7413330078125,389.5799865722656,390.9200134277344,380.57000732421875,385.5899963378906,105348800
2021-03-02,358.9185485839844,386.5400085449219,390.07000732421875,386.0,389.82000732421875,79595300
2021-03-03,354.16436767578125,381.4200134277344,386.8299865722656,381.30999755859375,385.7900085449219,119940200
2021-03-04,349.7817077636719,376.70001220703125,384.0,371.8800048828125,381.2200012207031,183433000
2021-03-05,356.2164306640625,383.6300048828125,384.760009765625,372.6400146484375,380.4599914550781,152039600
2021-03-08,354.4429931640625,381.7200012207031,387.67999267578125,381.4200134277344,384.6600036621094,123149200
2021-03-09,359.5035095214844,387.1700134277344,389.9100036621094,385.30999755859375,385.8500061035156,113633600
2021-03-10,361.7413330078125,389.5799865722656,391.3999938964844,388.1700134277344,389.69000244140625,109899400
2021-03-11,365.4090270996094,393.5299987792969,395.6499938964844,391.739990234375,392.2300109863281,86245000
2021-03-12,365.901123046875,394.05999755859375,394.2099914550781,391.20001220703125,392.07000732421875,64653600
2021-03-15,368.083251953125,396.4100036621094,396.69000244140625,392.0299987792969,394.3299865722656,73427200
2021-03-16,367.61895751953125,395.9100036621094,397.8299865722656,395.0799865722656,397.07000732421875,73722500
2021-03-17,368.87249755859375,397.260009765625,398.1199951171875,393.29998779296875,394.5299987792969,97959300
2021-03-18,363.5055847167969,391.4800109863281,396.7200012207031,390.75,394.4800109863281,115349100
2021-03-19,362.8329772949219,389.4800109863281,391.57000732421875,387.1499938964844,389.8800048828125,113624500
2021-03-22,365.7301025390625,392.5899963378906,394.07000732421875,389.9700012207031,390.0299987792969,73778600
2021-03-23,362.85162353515625,389.5,393.4599914550781,388.6600036621094,391.9100036621094,90686600
2021-03-24,361.00701904296875,387.5199890136719,392.75,387.4700012207031,391.0,97588600
2021-03-25,363.03790283203125,389.70001220703125,390.54998779296875,383.8999938964844,385.9800109863281,116128600
2021-03-26,368.88824462890625,395.9800109863281,396.4100036621094,390.2900085449219,390.92999267578125,114409100
2021-03-29,368.7019348144531,395.7799987792969,396.75,392.80999755859375,394.3999938964844,108107600
2021-03-30,367.7237243652344,394.7300109863281,395.45001220703125,393.0199890136719,394.4200134277344,76262200
2021-03-31,369.2142639160156,396.3299865722656,398.0,395.30999755859375,395.3399963378906,112734200
2021-04-01,373.20147705078125,400.6099853515625,400.6700134277344,398.17999267578125,398.3999938964844,99682900
2021-04-05,378.55804443359375,406.3599853515625,406.94000244140625,403.3800048828125,403.4599914550781,91684800
2021-04-06,378.3345031738281,406.1199951171875,407.239990234375,405.3999938964844,405.760009765625,62021000
2021-04-07,378.7723693847656,406.5899963378906,406.9599914550781,405.45001220703125,405.94000244140625,55836300
2021-04-08,380.57025146484375,408.5199890136719,408.5799865722656,406.92999267578125,407.92999267578125,57863100
2021-04-09,383.3371276855469,411.489990234375,411.6700134277344,408.260009765625,408.3900146484375,61104600
2021-04-12,383.4769287109375,411.6400146484375,411.92999267578125,410.20001220703125,410.8500061035156,56704900
2021-04-13,384.6133117675781,412.8599853515625,413.5299987792969,411.1199951171875,411.5299987792969,56551000
2021-04-14,383.29986572265625,411.45001220703125,413.9599914550781,410.8699951171875,412.8299865722656,61659900
2021-04-15,387.41741943359375,415.8699951171875,416.1600036621094,413.69000244140625,413.739990234375,60229800
2021-04-16,388.7123107910156,417.260009765625,417.9100036621094,415.7300109863281,417.25,82037300
2021-04-19,386.80255126953125,415.2099914550781,416.739990234375,413.7900085449219,416.260009765625,78498500
2021-04-20,383.9704895019531,412.1700134277344,415.0899963378906,410.5899963378906,413.9100036621094,81851800
2021-04-21,387.6036682128906,416.07000732421875,416.2900085449219,411.3599853515625,411.510009765625,66793000
2021-04-22,384.0636291503906,412.2699890136719,416.7799987792969,411.1300048828125,415.8900146484375,97582800
2021-04-23,388.2279052734375,416.739990234375,418.25,412.7900085449219,412.8699951171875,73209200
2021-04-26,389.0383605957031,417.6099853515625,418.2200012207031,416.80999755859375,417.44000244140625,52182400
2021-04-27,388.95452880859375,417.5199890136719,418.1400146484375,416.29998779296875,417.92999267578125,51303100
2021-04-28,388.8427734375,417.3999938964844,419.010009765625,416.8999938964844,417.80999755859375,51238900
2021-04-29,391.32080078125,420.05999755859375,420.7200012207031,416.44000244140625,420.32000732421875,78544300
2021-04-30,388.74957275390625,417.29998779296875,418.5400085449219,416.3399963378906,417.6300048828125,85527000
2021-05-03,389.5879821777344,418.20001220703125,419.8399963378906,417.6700134277344,419.42999267578125,68128300
2021-05-04,387.1844787597656,415.6199951171875,416.6000061035156,411.6700134277344,416.07000732421875,101591200
2021-05-05,387.3056640625,415.75,417.6300048828125,415.1499938964844,417.3800048828125,60162200
2021-05-06,390.39849853515625,419.07000732421875,419.2099914550781,413.67999267578125,415.8299865722656,74321400
2021-05-07,393.23980712890625,422.1199951171875,422.82000732421875,419.1600036621094,419.8900146484375,67733800
2021-05-10,389.3457336425781,417.94000244140625,422.739990234375,417.80999755859375,422.5,81852400
2021-05-11,385.8708801269531,414.2099914550781,415.2699890136719,410.05999755859375,413.1000061035156,116888000
2021-05-12,377.67303466796875,405.4100036621094,412.5899963378906,404.0,411.2300109863281,134811000
2021-05-13,382.2098693847656,410.2799987792969,412.3500061035156,407.0199890136719,407.07000732421875,106394000
2021-05-14,388.078857421875,416.5799865722656,417.489990234375,413.17999267578125,413.2099914550781,82201600
2021-05-17,387.09136962890625,415.5199890136719,416.3900146484375,413.3599853515625,415.3900146484375,65129200
2021-05-18,383.7563171386719,411.94000244140625,416.05999755859375,411.7699890136719,415.79998779296875,59810200
2021-05-19,382.7501525878906,410.8599853515625,411.04998779296875,405.3299865722656,406.9200134277344,106467100
2021-05-20,386.8677978515625,415.2799987792969,416.6300048828125,411.6700134277344,411.79998779296875,78022200
2021-05-21,386.5510559082031,414.94000244140625,418.20001220703125,414.45001220703125,416.8699951171875,76578700
2021-05-24,390.4916687011719,419.1700134277344,420.32000732421875,417.0799865722656,417.3399963378906,51376700
2021-05-25,389.6253356933594,418.239990234375,420.7099914550781,417.6199951171875,420.3299865722656,57451400
2021-05-26,390.39849853515625,419.07000732421875,419.6099853515625,417.760009765625,418.8699951171875,43088600
2021-05-27,390.60345458984375,419.2900085449219,420.7200012207031,418.989990234375,420.1700134277344,56707700
2021-05-28,391.3021545410156,420.0400085449219,421.25,419.7900085449219,420.9700012207031,58520200
2021-06-01,390.9573974609375,419.6700134277344,422.7200012207031,419.20001220703125,422.57000732421875,54216600
2021-06-02,391.5722961425781,420.3299865722656,421.2300109863281,419.2900085449219,420.3699951171875,49097100
2021-06-03,390.1190490722656,418.7699890136719,419.989990234375,416.2799987792969,417.8500061035156,58138800
2021-06-04,393.6869812011719,422.6000061035156,422.9200134277344,418.8399963378906,420.75,55938800
2021-06-07,393.30499267578125,422.19000244140625,422.7799987792969,421.19000244140625,422.5899963378906,51555000
2021-06-08,393.3888244628906,422.2799987792969,423.2099914550781,420.32000732421875,423.1099853515625,47134300
2021-06-09,392.80194091796875,421.6499938964844,423.260009765625,421.4100036621094,423.17999267578125,48436300
2021-06-10,394.62786865234375,423.6099853515625,424.6300048828125,421.54998779296875,422.9599914550781,51020100
2021-06-11,395.27996826171875,424.30999755859375,424.42999267578125,422.82000732421875,424.20001220703125,45570800
2021-06-14,396.1650390625,425.260009765625,425.3699951171875,423.1000061035156,424.42999267578125,42358500
2021-06-15,395.43841552734375,424.4800109863281,425.4599914550781,423.5400085449219,425.4200134277344,51508500
2021-06-16,393.23046875,422.1099853515625,424.8699951171875,419.9200134277344,424.6300048828125,80386100
2021-06-17,393.10015869140625,421.9700012207031,423.0199890136719,419.32000732421875,421.6700134277344,90949700
2021-06-18,387.7969665527344,414.9200134277344,417.8299865722656,414.70001220703125,417.0899963378906,118676300
2021-06-21,393.3487243652344,420.8599853515625,421.05999755859375,415.92999267578125,416.79998779296875,72822000
2021-06-22,395.45159912109375,423.1099853515625,424.0,420.0799865722656,420.8500061035156,57700300
2021-06-23,394.97491455078125,422.6000061035156,424.04998779296875,422.510009765625,423.19000244140625,49445400
2021-06-24,397.31158447265625,425.1000061035156,425.54998779296875,424.6199951171875,424.8900146484375,45110300
2021-06-25,398.7228698730469,426.6099853515625,427.0899963378906,425.54998779296875,425.8999938964844,58129500
2021-06-28,399.5265808105469,427.4700012207031,427.6499938964844,425.8900146484375,427.1700134277344,53159600
2021-06-29,399.74163818359375,427.70001220703125,428.55999755859375,427.1300048828125,427.8800048828125,35970500
2021-06-30,400.0780029296875,428.05999755859375,428.7799987792969,427.17999267578125,427.2099914550781,64827900
2021-07-01,402.2930603027344,430.42999267578125,430.6000061035156,428.79998779296875,428.8699951171875,53441000
2021-07-02,405.3680725097656,433.7200012207031,434.1000061035156,430.5199890136719,431.6700134277344,57697700
2021-07-06,404.629638671875,432.92999267578125,434.010009765625,430.010009765625,433.7799987792969,68710400
2021-07-07,406.0596618652344,434.4599914550781,434.760009765625,431.510009765625,433.6600036621094,63549500
2021-07-08,402.7510986328125,430.9200134277344,431.7300109863281,427.5199890136719,428.7799987792969,97595200
2021-07-09,407.0503845214844,435.5199890136719,435.8399963378906,430.7099914550781,432.5299987792969,76238600
2021-07-12,408.5083923339844,437.0799865722656,437.3500061035156,434.9700012207031,435.42999267578125,52889600
2021-07-13,407.1158142089844,435.5899963378906,437.8399963378906,435.30999755859375,436.239990234375,52911300
2021-07-14,407.7232360839844,436.239990234375,437.9200134277344,434.9100036621094,437.3999938964844,64130400
2021-07-15,406.3307189941406,434.75,435.5299987792969,432.7200012207031,434.80999755859375,55126400
2021-07-16,403.14361572265625,431.3399963378906,436.05999755859375,430.9200134277344,436.010009765625,75874700
2021-07-19,397.1900634765625,424.9700012207031,431.4100036621094,421.9700012207031,426.19000244140625,147987000
2021-07-20,402.8819580078125,431.05999755859375,432.4200134277344,424.8299865722656,425.67999267578125,99608200
2021-07-21,406.1438293457031,434.54998779296875,434.70001220703125,431.010009765625,432.3399963378906,64724400
2021-07-22,406.9943542480469,435.4599914550781,435.7200012207031,433.69000244140625,434.739990234375,47878500
2021-07-23,411.1815185546875,439.94000244140625,440.29998779296875,436.7900085449219,437.5199890136719,63766600
2021-07-26,412.19085693359375,441.0199890136719,441.0299987792969,439.260009765625,439.30999755859375,43719200
2021-07-27,410.3121643066406,439.010009765625,439.94000244140625,435.989990234375,439.9100036621094,67397100
2021-07-28,410.1440124511719,438.8299865722656,440.29998779296875,437.30999755859375,439.67999267578125,52472400
2021-07-29,411.8450622558594,440.6499938964844,441.79998779296875,439.80999755859375,439.82000732421875,47435300
2021-07-30,409.8449401855469,438.510009765625,440.05999755859375,437.7699890136719,437.9100036621094,68951200
2021-08-02,408.9851379394531,437.5899963378906,440.92999267578125,437.2099914550781,440.3399963378906,58783300
2021-08-03,412.3123779296875,441.1499938964844,441.2799987792969,436.1000061035156,438.44000244140625,58053900
2021-08-04,410.2841491699219,438.9800109863281,441.1199951171875,438.7300109863281,439.7799987792969,46732200
2021-08-05,412.8824768066406,441.760009765625,441.8500061035156,439.8800048828125,440.2200012207031,38969700
2021-08-06,413.5647888183594,442.489990234375,442.94000244140625,441.79998779296875,442.1000061035156,46930000
2021-08-09,413.2282409667969,442.1300048828125,442.79998779296875,441.30999755859375,442.4599914550781,41222600
2021-08-10,413.74237060546875,442.67999267578125,443.44000244140625,441.8800048828125,442.6099853515625,43339300
2021-08-11,414.7704162597656,443.7799987792969,443.8800048828125,442.6199951171875,443.82000732421875,44034300
2021-08-12,416.01348876953125,445.1099853515625,445.260009765625,442.6600036621094,443.6199951171875,38909400
2021-08-13,416.77056884765625,445.9200134277344,445.94000244140625,445.07000732421875,445.5899963378906,39470300
2021-08-16,417.7519226074219,446.9700012207031,447.1099853515625,442.8699951171875,444.5299987792969,73740000
2021-08-17,415.0133972167969,444.0400085449219,444.9599914550781,440.8500061035156,444.239990234375,92673900
2021-08-18,410.4711608886719,439.17999267578125,444.6300048828125,438.9200134277344,442.9599914550781,89351900
2021-08-19,411.10662841796875,439.8599853515625,441.1400146484375,436.1199951171875,436.2699890136719,92812200
2021-08-20,414.37786865234375,443.3599853515625,443.7099914550781,439.7099914550781,440.2300109863281,72008700
2021-08-23,418.0229187011719,447.260009765625,448.2300109863281,443.44000244140625,445.1600036621094,54973000
2021-08-24,418.68646240234375,447.9700012207031,448.5400085449219,447.4200134277344,447.9700012207031,38744700
2021-08-25,419.56512451171875,448.9100036621094,449.4599914550781,447.7699890136719,448.1700134277344,40529700
2021-08-26,417.0882568359375,446.260009765625,448.8599853515625,446.1600036621094,448.6099853515625,57829600
2021-08-27,420.8175048828125,450.25,450.6499938964844,447.05999755859375,447.1199951171875,77235100
2021-08-30,422.66802978515625,452.2300109863281,453.07000732421875,450.7099914550781,450.9700012207031,48357400
2021-08-31,422.0417785644531,451.55999755859375,452.489990234375,450.9200134277344,452.1300048828125,59300200
2021-09-01,422.26617431640625,451.79998779296875,453.1099853515625,451.54998779296875,452.55999755859375,48721400
2021-09-02,423.5654296875,453.19000244140625,454.04998779296875,451.9100036621094,453.32000732421875,42501000
2021-09-03,423.4624328613281,453.0799865722656,453.6300048828125,451.54998779296875,451.9800109863281,47170500
2021-09-07,421.9483642578125,451.4599914550781,452.80999755859375,450.739990234375,452.7099914550781,51671500
2021-09-08,421.43438720703125,450.9100036621094,451.6700134277344,448.8599853515625,450.8900146484375,56181900
2021-09-09,419.6304931640625,448.9800109863281,452.57000732421875,448.7200012207031,450.70001220703125,57970400
2021-09-10,416.32196044921875,445.44000244140625,451.489990234375,445.30999755859375,451.0400085449219,89948200
2021-09-13,417.38739013671875,446.5799865722656,448.9200134277344,444.1099853515625,448.6400146484375,83738600
2021-09-14,415.1349182128906,444.1700134277344,448.3399963378906,443.2200012207031,448.1199951171875,78197100
2021-09-15,418.6023864746094,447.8800048828125,448.4100036621094,443.44000244140625,444.6199951171875,78792200
2021-09-16,417.9388122558594,447.1700134277344,448.3599853515625,444.0199890136719,447.32000732421875,77786700
2021-09-17,413.8676452636719,441.3999938964844,445.3699951171875,441.0199890136719,444.9200134277344,118425000
2021-09-20,406.96673583984375,434.0400085449219,436.55999755859375,428.8599853515625,434.8800048828125,166445500
2021-09-21,406.5823669433594,433.6300048828125,437.9100036621094,433.07000732421875,436.5299987792969,92526100
2021-09-22,410.5484924316406,437.8599853515625,440.0299987792969,433.75,436.04998779296875,102350100
2021-09-23,415.5365905761719,443.17999267578125,444.8900146484375,439.6000061035156,439.8500061035156,76396000
2021-09-24,416.22119140625,443.9100036621094,444.6700134277344,441.2099914550781,441.44000244140625,62094800
2021-09-27,415.0303955078125,442.6400146484375,444.04998779296875,441.8999938964844,442.80999755859375,61371100
2021-09-28,406.6666564941406,433.7200012207031,440.0400085449219,432.94000244140625,439.69000244140625,130436300
2021-09-29,407.3511657714844,434.45001220703125,437.0400085449219,433.8500061035156,435.19000244140625,82329200
2021-09-30,402.37237548828125,429.1400146484375,436.7699890136719,428.7799987792969,436.0199890136719,140506000
2021-10-01,407.1542663574219,434.239990234375,436.0299987792969,427.2300109863281,430.9800109863281,129240100
2021-10-04,401.903564453125,428.6400146484375,433.9599914550781,426.3599853515625,433.0,128570000
2021-10-05,406.0854797363281,433.1000061035156,435.489990234375,429.3900146484375,430.239990234375,90682500
2021-10-06,407.77313232421875,434.8999938964844,435.1199951171875,427.5400085449219,429.2699890136719,113032200
2021-10-07,411.2985534667969,438.6600036621094,441.67999267578125,438.20001220703125,438.3900146484375,72437500
2021-10-08,410.5484924316406,437.8599853515625,439.8900146484375,437.19000244140625,439.4800109863281,74557400
2021-10-11,407.5762023925781,434.69000244140625,440.260009765625,434.6199951171875,437.1600036621094,65233300
2021-10-12,406.57293701171875,433.6199951171875,436.1000061035156,432.7799987792969,435.6700134277344,71181200
2021-10-13,408.0356140136719,435.17999267578125,436.04998779296875,431.5400085449219,434.7099914550781,72974000
2021-10-14,414.8991394042969,442.5,442.6600036621094,438.5799865722656,439.0799865722656,70236800
2021-10-15,418.05889892578125,445.8699951171875,446.260009765625,444.0899963378906,444.75,66260200
2021-10-18,419.2964782714844,447.19000244140625,447.54998779296875,443.2699890136719,443.9700012207031,62213200
2021-10-19,422.5313720703125,450.6400146484375,450.7099914550781,448.2699890136719,448.9200134277344,46996800
2021-10-20,424.19091796875,452.4100036621094,452.7300109863281,451.010009765625,451.1300048828125,49571600
2021-10-21,425.2973327636719,453.5899963378906,453.8299865722656,451.30999755859375,451.7699890136719,41305400
2021-10-22,424.8566589355469,453.1199951171875,454.6700134277344,451.04998779296875,453.1300048828125,58845100
2021-10-25,427.13507080078125,455.54998779296875,455.8999938964844,452.3900146484375,454.2799987792969,45214500
2021-10-26,427.5194396972656,455.9599914550781,458.489990234375,455.55999755859375,457.20001220703125,56075100
2021-10-27,425.62554931640625,453.94000244140625,457.1600036621094,453.8599853515625,456.45001220703125,72438000
2021-10-28,429.73236083984375,458.32000732421875,458.3999938964844,455.45001220703125,455.4599914550781,51437900
2021-10-29,430.60430908203125,459.25,459.55999755859375,455.55999755859375,455.8699951171875,70162400
2021-11-01,431.3449401855469,460.0400085449219,460.70001220703125,458.20001220703125,460.29998779296875,48433600
2021-11-02,433.0890197753906,461.8999938964844,462.2300109863281,460.0799865722656,460.2200012207031,48908400
2021-11-03,435.73309326171875,464.7200012207031,465.1499938964844,460.8299865722656,461.29998779296875,52509800
2021-11-04,437.7865295410156,466.9100036621094,467.0,464.989990234375,465.3599853515625,52847100
2021-11-05,439.30548095703125,468.5299987792969,470.6499938964844,466.9200134277344,469.2799987792969,66390600
2021-11-08,439.6804504394531,468.92999267578125,470.2300109863281,468.20001220703125,469.70001220703125,50405200
2021-11-09,438.2272033691406,467.3800048828125,469.57000732421875,465.8800048828125,469.32000732421875,51149100
2021-11-10,434.7017822265625,463.6199951171875,467.3800048828125,462.0400085449219,465.5799865722656,69429700
2021-11-11,434.84228515625,463.7699890136719,465.2900085449219,463.75,465.2099914550781,34848500
2021-11-12,438.1239929199219,467.2699890136719,467.8599853515625,464.1099853515625,465.1199951171875,53466700
2021-11-15,438.2740173339844,467.42999267578125,468.80999755859375,466.2300109863281,468.6400146484375,46980500
2021-11-16,440.0086364746094,469.2799987792969,470.489990234375,467.07000732421875,467.1499938964844,48857500
2021-11-17,438.93975830078125,468.1400146484375,469.19000244140625,467.4800109863281,469.0,47858300
2021-11-18,440.43060302734375,469.7300109863281,470.010009765625,466.3399963378906,469.239990234375,50625600
2021-11-19,439.6429748535156,468.8900146484375,470.94000244140625,468.5,469.6099853515625,57315600
2021-11-22,438.4053649902344,467.57000732421875,473.5400085449219,467.3500061035156,470.8900146484375,72762000
2021-11-23,438.986572265625,468.19000244140625,469.1000061035156,464.45001220703125,467.2200012207031,73206500
2021-11-24,440.15863037109375,469.44000244140625,469.57000732421875,465.19000244140625,466.05999755859375,61858800
2021-11-26,430.3417663574219,458.9700012207031,463.8999938964844,457.7699890136719,462.3399963378906,112669600
2021-11-29,435.6205139160156,464.6000061035156,466.55999755859375,461.7300109863281,464.07000732421875,86268800
2021-11-30,427.1445007324219,455.55999755859375,464.0299987792969,455.29998779296875,462.0,148559600
2021-12-01,422.4000549316406,450.5,464.6700134277344,450.2900085449219,461.6400146484375,131939200
2021-12-02,428.8696594238281,457.3999938964844,459.07000732421875,450.30999755859375,450.7300109863281,127637800
2021-12-03,425.1379089355469,453.4200134277344,460.29998779296875,448.9200134277344,459.1700134277344,137331600
2021-12-06,430.1729736328125,458.7900085449219,460.7900085449219,453.55999755859375,456.1300048828125,98977500
2021-12-07,439.0709533691406,468.2799987792969,468.8800048828125,458.6499938964844,464.4100036621094,95484700
2021-12-08,440.23370361328125,469.5199890136719,470.0,466.8299865722656,468.70001220703125,72238800
2021-12-09,437.26141357421875,466.3500061035156,469.6300048828125,466.1400146484375,468.1499938964844,61272600
2021-12-10,441.3775634765625,470.739990234375,470.8999938964844,466.510009765625,469.2300109863281,77159800
2021-12-13,437.4677429199219,466.57000732421875,470.55999755859375,466.2699890136719,470.19000244140625,87724700
2021-12-14,434.4579162597656,463.3599853515625,465.739990234375,460.25,463.0899963378906,97264100
2021-12-15,441.246337890625,470.6000061035156,470.8599853515625,460.739990234375,463.4200134277344,116899300
2021-12-16,437.355224609375,466.45001220703125,472.8699951171875,464.79998779296875,472.57000732421875,116568600
2021-12-17,432.7004699707031,459.8699951171875,464.739990234375,458.05999755859375,461.54998779296875,135511600
2021-12-20,428.099365234375,454.9800109863281,455.3999938964844,451.1400146484375,454.4800109863281,107134800
2021-12-21,435.7020568847656,463.05999755859375,463.2099914550781,456.30999755859375,458.6099853515625,69806300
2021-12-22,440.0584411621094,467.69000244140625,467.80999755859375,462.5799865722656,462.7900085449219,58890200
2021-12-23,442.79656982421875,470.6000061035156,472.19000244140625,468.6400146484375,468.75,56439700
2021-12-27,449.06304931640625,477.260009765625,477.30999755859375,472.010009765625,472.05999755859375,56808600
2021-12-28,448.696044921875,476.8699951171875,478.80999755859375,476.05999755859375,477.7200012207031,47274600
2021-12-29,449.27008056640625,477.4800109863281,478.55999755859375,475.9200134277344,476.9800109863281,54503000
2021-12-30,448.0279846191406,476.1600036621094,479.0,475.6700134277344,477.92999267578125,55329000
2021-12-31,446.89898681640625,474.9599914550781,476.8599853515625,474.6700134277344,475.6400146484375,65237400
2022-01-03,449.4864196777344,477.7099914550781,477.8500061035156,473.8500061035156,476.29998779296875,72668200
2022-01-04,449.33587646484375,477.54998779296875,479.9800109863281,475.5799865722656,479.2200012207031,71178700
2022-01-05,440.7076110839844,468.3800048828125,477.9800109863281,468.2799987792969,477.1600036621094,104538900
2022-01-06,440.293701171875,467.94000244140625,470.82000732421875,465.42999267578125,467.8900146484375,86858900
2022-01-07,438.55291748046875,466.0899963378906,469.20001220703125,464.6499938964844,467.95001220703125,85111600
2022-01-10,438.0072937011719,465.510009765625,465.739990234375,456.6000061035156,462.70001220703125,119362000
2022-01-11,441.9967041015625,469.75,469.8500061035156,462.04998779296875,465.2300109863281,74303100
2022-01-12,443.19171142578125,471.0199890136719,473.20001220703125,468.94000244140625,471.5899963378906,67605400
2022-01-13,437.0850830078125,464.5299987792969,472.8800048828125,463.44000244140625,472.19000244140625,91173100
2022-01-14,437.2638244628906,464.7200012207031,465.0899963378906,459.8999938964844,461.19000244140625,95890900
2022-01-18,429.5201110839844,456.489990234375,459.9599914550781,455.30999755859375,459.739990234375,109709100
2022-01-19,425.0602111816406,451.75,459.6099853515625,451.4599914550781,458.1300048828125,109357600
2022-01-20,420.3556823730469,446.75,458.739990234375,444.5,453.75,122379700
2022-01-21,412.1037902832031,437.9800109863281,448.05999755859375,437.95001220703125,445.55999755859375,202271200
2022-01-24,413.8538818359375,439.8399963378906,440.3800048828125,420.760009765625,432.0299987792969,251783900
2022-01-25,408.8011474609375,434.4700012207031,439.7200012207031,427.1499938964844,433.05999755859375,167997300
2022-01-26,407.77545166015625,433.3800048828125,444.0400085449219,428.8599853515625,440.7200012207031,186391100
2022-01-27,405.76190185546875,431.239990234375,441.5899963378906,429.45001220703125,438.260009765625,149878300
2022-01-28,415.8392028808594,441.95001220703125,442.0,427.82000732421875,432.67999267578125,164457400
2022-01-31,423.32891845703125,449.9100036621094,450.2799987792969,439.80999755859375,441.239990234375,152251400
2022-02-01,426.18927001953125,452.95001220703125,453.6300048828125,446.94000244140625,450.67999267578125,123155400
2022-02-02,430.329345703125,457.3500061035156,458.1199951171875,453.04998779296875,455.5,117361000
2022-02-03,420.2144775390625,446.6000061035156,452.9700012207031,445.7099914550781,450.95001220703125,118024400
2022-02-04,422.19036865234375,448.70001220703125,452.7799987792969,443.8299865722656,446.3500061035156,118454400
2022-02-07,420.83551025390625,447.260009765625,450.989990234375,445.8500061035156,449.510009765625,84472900
2022-02-08,424.2980651855469,450.94000244140625,451.9200134277344,445.2200012207031,446.7300109863281,81012000
2022-02-09,430.50811767578125,457.5400085449219,457.8800048828125,455.010009765625,455.2200012207031,92589900
2022-02-10,422.7738037109375,449.32000732421875,457.7099914550781,447.20001220703125,451.3399963378906,140103700
2022-02-11,414.43719482421875,440.4599914550781,451.6099853515625,438.94000244140625,449.4100036621094,153214600
2022-02-14,413.082275390625,439.0199890136719,441.6000061035156,435.3399963378906,439.9200134277344,123006300
2022-02-15,419.7439270019531,446.1000061035156,446.2799987792969,443.17999267578125,443.7300109863281,88482700
2022-02-16,420.2144775390625,446.6000061035156,448.05999755859375,441.94000244140625,443.92999267578125,84863600
2022-02-17,411.23809814453125,437.05999755859375,446.57000732421875,436.4200134277344,443.2200012207031,102259100
2022-02-18,408.5753173828125,434.2300109863281,438.6600036621094,431.82000732421875,437.3299865722656,132642900
2022-02-22,404.19061279296875,429.57000732421875,435.5,425.8599853515625,431.8900146484375,124391800
2022-02-23,397.02081298828125,421.95001220703125,433.260009765625,421.3500061035156,432.6600036621094,132578000
2022-02-24,402.9955749511719,428.29998779296875,428.760009765625,410.6400146484375,411.0199890136719,213942900
2022-02-25,411.8873596191406,437.75,437.8399963378906,427.8599853515625,429.6099853515625,121804500
2022-02-28,410.8335266113281,436.6300048828125,438.20001220703125,430.70001220703125,432.0299987792969,145615000
2022-03-01,404.5763854980469,429.9800109863281,437.1700134277344,427.1099853515625,435.0400085449219,137785900
2022-03-02,412.0190734863281,437.8900146484375,439.7200012207031,431.57000732421875,432.3699951171875,117726500
2022-03-03,409.9679260253906,435.7099914550781,441.1099853515625,433.79998779296875,440.4700012207031,105501700
2022-03-04,406.6369934082031,432.1700134277344,433.3699951171875,427.8800048828125,431.75,113978200
2022-03-07,394.6496276855469,419.42999267578125,432.29998779296875,419.3599853515625,431.54998779296875,137896600
2022-03-08,391.6575927734375,416.25,427.2099914550781,415.1199951171875,419.6199951171875,164772700
2022-03-09,402.15826416015625,427.4100036621094,429.510009765625,422.82000732421875,425.1400146484375,116990800
2022-03-10,400.3421936035156,425.4800109863281,426.42999267578125,420.44000244140625,422.5199890136719,93972700
2022-03-11,395.251953125,420.07000732421875,428.7699890136719,419.5299987792969,428.1199951171875,95636300
2022-03-14,392.36328125,417.0,424.54998779296875,415.7900085449219,420.8900146484375,95729200
2022-03-15,400.99139404296875,426.1700134277344,426.8399963378906,418.4200134277344,419.7699890136719,106219100
2022-03-16,409.88311767578125,435.6199951171875,435.67999267578125,424.79998779296875,429.8900146484375,144954800
2022-03-17,415.0111999511719,441.07000732421875,441.07000732421875,433.19000244140625,433.5899963378906,102676900
2022-03-18,419.5566711425781,444.5199890136719,444.8599853515625,437.2200012207031,438.0,106345500
2022-03-21,419.4340515136719,444.3900146484375,446.4599914550781,440.67999267578125,444.3399963378906,88349800
2022-03-22,424.342041015625,449.5899963378906,450.5799865722656,445.8599853515625,445.8599853515625,74650400
2022-03-23,418.87713623046875,443.79998779296875,448.489990234375,443.7099914550781,446.9100036621094,79426100
2022-03-24,425.19146728515625,450.489990234375,450.5,444.760009765625,445.94000244140625,64736900
2022-03-25,427.2679138183594,452.69000244140625,452.9800109863281,448.42999267578125,451.1600036621094,77101300
2022-03-28,430.30706787109375,455.9100036621094,455.9100036621094,450.05999755859375,452.05999755859375,68529800
2022-03-29,435.6302490234375,461.54998779296875,462.07000732421875,457.17999267578125,460.0199890136719,86581500
2022-03-30,432.9404602050781,458.70001220703125,461.20001220703125,456.4700012207031,460.3399963378906,79666900
2022-03-31,426.27691650390625,451.6400146484375,458.760009765625,451.1600036621094,457.8900146484375,121699900
2022-04-01,427.4850158691406,452.9200134277344,453.4599914550781,449.1400146484375,453.30999755859375,89048800
2022-04-04,431.1470947265625,456.79998779296875,456.9100036621094,452.260009765625,453.1300048828125,59601000
2022-04-05,425.70111083984375,451.0299987792969,457.8299865722656,449.82000732421875,455.2200012207031,74214500
2022-04-06,421.44439697265625,446.5199890136719,448.92999267578125,443.4700012207031,446.8900146484375,106898000
2022-04-07,423.5679626464844,448.7699890136719,450.69000244140625,443.5299987792969,445.5899963378906,78097200
2022-04-08,422.4354553222656,447.57000732421875,450.6300048828125,445.94000244140625,447.9700012207031,79272700
2022-04-11,415.2150573730469,439.9200134277344,445.0,439.3900146484375,444.1099853515625,89770500
2022-04-12,413.676513671875,438.2900085449219,445.75,436.6499938964844,443.0799865722656,84363600
2022-04-13,418.4146728515625,443.30999755859375,444.1099853515625,437.8399963378906,438.0299987792969,74070400
2022-04-14,413.20465087890625,437.7900085449219,444.7300109863281,437.67999267578125,443.54998779296875,97869500
2022-04-18,413.37457275390625,437.9700012207031,439.75,435.6099853515625,436.80999755859375,66002500
2022-04-19,420.0474548339844,445.0400085449219,445.79998779296875,437.67999267578125,437.8599853515625,77821000
2022-04-20,419.7360534667969,444.7099914550781,447.57000732421875,443.4800109863281,446.9200134277344,65224400
2022-04-21,413.4595031738281,438.05999755859375,450.010009765625,437.1000061035156,448.5400085449219,85417300
2022-04-22,402.1145935058594,426.0400085449219,438.0799865722656,425.44000244140625,436.9100036621094,132471800
2022-04-25,404.4458312988281,428.510009765625,428.69000244140625,418.8399963378906,423.6700134277344,119647700
2022-04-26,392.7326965332031,416.1000061035156,426.0400085449219,416.07000732421875,425.8299865722656,103996300
2022-04-27,393.8370056152344,417.2699890136719,422.9200134277344,415.010009765625,417.239990234375,122030000
2022-04-28,403.78509521484375,427.80999755859375,429.6400146484375,417.6000061035156,422.2900085449219,105449100
2022-04-29,388.8629150390625,412.0,425.8699951171875,411.2099914550781,423.5899963378906,145491100
2022-05-02,391.2037353515625,414.4800109863281,415.9200134277344,405.0199890136719,412.07000732421875,158312500
2022-05-03,392.99700927734375,416.3800048828125,418.92999267578125,413.3599853515625,415.010009765625,100028200
2022-05-04,404.9648132324219,429.05999755859375,429.6600036621094,413.7099914550781,417.0799865722656,144247900
2022-05-05,390.5712890625,413.80999755859375,425.0,409.44000244140625,424.54998779296875,172929100
2022-05-06,388.2400207519531,411.3399963378906,414.79998779296875,405.7300109863281,411.1000061035156,151770800
2022-05-09,375.8096618652344,398.1700134277344,406.4100036621094,396.5,405.1000061035156,155586100
2022-05-10,376.67791748046875,399.0899963378906,406.0799865722656,394.82000732421875,404.489990234375,132497200
2022-05-11,370.6939697265625,392.75,404.0400085449219,391.9599914550781,398.07000732421875,142361000
2022-05-12,370.3070068359375,392.3399963378906,395.79998779296875,385.1499938964844,389.3699951171875,125090800
2022-05-13,379.1602783203125,401.7200012207031,403.17999267578125,395.6099853515625,396.7099914550781,104174400
2022-05-16,377.62176513671875,400.0899963378906,403.9700012207031,397.6000061035156,399.9800109863281,78622400
2022-05-17,385.3896484375,408.32000732421875,408.57000732421875,402.5799865722656,406.5299987792969,83029700
2022-05-18,369.85394287109375,391.8599853515625,403.79998779296875,390.54998779296875,403.5,117674500
2022-05-19,367.5887756347656,389.4599914550781,394.1400146484375,387.1099853515625,388.6199951171875,98510700
2022-05-20,367.749267578125,389.6300048828125,397.0299987792969,380.5400085449219,393.25,131432200
2022-05-23,374.6298828125,396.9200134277344,397.7300109863281,390.3800048828125,392.8299865722656,76414900
2022-05-24,371.7699890136719,393.8900146484375,395.1499938964844,386.9599914550781,392.55999755859375,91448800
2022-05-25,375.0545654296875,397.3699951171875,399.45001220703125,391.8900146484375,392.30999755859375,91472900
2022-05-26,382.5487365722656,405.30999755859375,407.0400085449219,398.45001220703125,398.6700134277344,82168300
2022-05-27,391.9399108886719,415.260009765625,415.3800048828125,407.70001220703125,407.9100036621094,84768700
2022-05-31,389.7406921386719,412.92999267578125,416.4599914550781,410.0299987792969,413.54998779296875,95937000
2022-06-01,386.5882873535156,409.5899963378906,416.239990234375,406.92999267578125,415.1700134277344,86585800
2022-06-02,393.9502868652344,417.3900146484375,417.44000244140625,407.0400085449219,409.4200134277344,79609600
2022-06-03,387.4849548339844,410.5400085449219,414.0400085449219,409.510009765625,412.3999938964844,71874300
2022-06-06,388.6648254394531,411.7900085449219,416.6099853515625,410.54998779296875,414.7799987792969,57508900
2022-06-07,392.39300537109375,415.739990234375,416.2200012207031,407.6099853515625,408.1000061035156,59272400
2022-06-08,388.1267395019531,411.2200012207031,415.82000732421875,410.3800048828125,413.92999267578125,64350000
2022-06-09,378.89599609375,401.44000244140625,411.739990234375,401.44000244140625,409.3399963378906,86289800
2022-06-10,367.9096374511719,389.79998779296875,395.7799987792969,389.75,394.8800048828125,132893900
2022-06-13,353.9408264160156,375.0,381.80999755859375,373.29998779296875,379.8500061035156,170004900
2022-06-14,352.8742370605469,373.8699951171875,377.94000244140625,370.5899963378906,376.8500061035156,104011800
2022-06-15,357.9049377441406,379.20001220703125,383.8999938964844,372.1199951171875,377.3599853515625,125666800
2022-06-16,346.05975341796875,366.6499938964844,370.94000244140625,364.0799865722656,370.510009765625,134473300
2022-06-17,346.8056945800781,365.8599853515625,369.3800048828125,362.1700134277344,365.510009765625,111113900
2022-06-21,355.53607177734375,375.07000732421875,376.5299987792969,371.80999755859375,371.8900146484375,76811900
2022-06-22,354.8915100097656,374.3900146484375,378.7200012207031,370.17999267578125,370.6199951171875,90059400
2022-06-23,358.3703308105469,378.05999755859375,378.8299865722656,372.8900146484375,376.6400146484375,79292100
2022-06-24,369.7643737792969,390.0799865722656,390.0899963378906,381.3699951171875,381.3999938964844,98050300
2022-06-27,368.3519592285156,388.5899963378906,391.3599853515625,387.44000244140625,391.04998779296875,66009600
2022-06-28,360.825439453125,380.6499938964844,393.1600036621094,380.5299987792969,390.2300109863281,86548900
2022-06-29,360.5316467285156,380.3399963378906,382.2699890136719,378.4200134277344,381.2300109863281,65676000
2022-06-30,357.6025695800781,377.25,380.6600036621094,372.55999755859375,376.239990234375,112508300
2022-07-01,361.384765625,381.239990234375,381.70001220703125,373.79998779296875,376.55999755859375,74839700
2022-07-05,362.0672302246094,381.9599914550781,381.9800109863281,372.8999938964844,375.8800048828125,81438000
2022-07-06,363.2900390625,383.25,385.8699951171875,379.6000061035156,382.1099853515625,70426200
2022-07-07,368.7311096191406,388.989990234375,389.8299865722656,383.2699890136719,385.1199951171875,64525900
2022-07-08,368.42779541015625,388.6700134277344,390.6400146484375,385.6600036621094,387.2699890136719,72397800
2022-07-11,364.21905517578125,384.2300109863281,386.8699951171875,383.5,385.8500061035156,58366900
2022-07-12,360.99609375,380.8299865722656,386.1600036621094,378.989990234375,383.6499938964844,62219200
2022-07-13,359.1002197265625,378.8299865722656,381.9200134277344,374.6600036621094,375.1000061035156,84224600
2022-07-14,358.2281799316406,377.9100036621094,379.04998779296875,371.0400085449219,373.6099853515625,89704800
2022-07-15,365.0721435546875,385.1300048828125,385.25,380.5400085449219,382.54998779296875,79060400
2022-07-18,362.05780029296875,381.95001220703125,389.0899963378906,380.6600036621094,388.3800048828125,63203600
2022-07-19,371.8403015136719,392.2699890136719,392.8699951171875,385.3900146484375,386.0799865722656,78506000
2022-07-20,374.2100830078125,394.7699890136719,396.260009765625,391.0299987792969,392.4700012207031,71843800
2022-07-21,378.020751953125,398.7900085449219,398.8399963378906,391.6300048828125,394.1600036621094,64903900
2022-07-22,374.513427734375,395.0899963378906,400.17999267578125,392.75,398.9200134277344,72197300
2022-07-25,374.96844482421875,395.57000732421875,396.4700012207031,393.2099914550781,395.75,53631500
2022-07-26,370.53216552734375,390.8900146484375,394.05999755859375,389.95001220703125,393.8399963378906,52946400
2022-07-27,380.1535339355469,401.0400085449219,402.8800048828125,394.04998779296875,394.3599853515625,82342100
2022-07-28,384.92156982421875,406.07000732421875,406.79998779296875,398.1499938964844,401.8900146484375,73966600
2022-07-29,390.533203125,411.989990234375,413.0299987792969,406.7699890136719,407.5799865722656,87003700
2022-08-01,389.3768005371094,410.7699890136719,413.4100036621094,408.3999938964844,409.1499938964844,69997500
2022-08-02,386.8079528808594,408.05999755859375,413.0,406.82000732421875,409.1199951171875,63435400
2022-08-03,392.86517333984375,414.45001220703125,415.67999267578125,410.0,410.29998779296875,67820600
2022-08-04,392.5997314453125,414.1700134277344,415.0899963378906,412.44000244140625,414.3699951171875,45656600
2022-08-05,391.9361572265625,413.4700012207031,414.1499938964844,409.6000061035156,409.6600036621094,56814900
2022-08-08,391.4811706542969,412.989990234375,417.6199951171875,411.8299865722656,415.25,53886100
2022-08-09,389.92657470703125,411.3500061035156,412.75,410.2200012207031,412.2200012207031,44931800
2022-08-10,398.1165771484375,419.989990234375,420.1400146484375,416.7200012207031,418.7799987792969,68665700
2022-08-11,398.1165771484375,419.989990234375,424.95001220703125,419.2099914550781,422.989990234375,59489700
2022-08-12,404.8563232421875,427.1000061035156,427.2099914550781,421.0299987792969,422.0299987792969,61694500
2022-08-15,406.5246887207031,428.8599853515625,429.4100036621094,424.7099914550781,424.7699890136719,54048300
2022-08-16,407.3210144042969,429.70001220703125,431.7300109863281,426.8800048828125,427.7300109863281,59289000
2022-08-17,404.42974853515625,426.6499938964844,429.5,424.5400085449219,425.9100036621094,63563400
2022-08-18,405.60516357421875,427.8900146484375,428.6099853515625,425.5,426.8599853515625,49023200
2022-08-19,400.1546325683594,422.1400146484375,425.260009765625,421.2200012207031,424.9800109863281,68016900
2022-08-22,391.8224182128906,413.3500061035156,417.2300109863281,412.3999938964844,417.04998779296875,77695600
2022-08-23,390.8745422363281,412.3500061035156,415.4200134277344,411.7699890136719,412.8999938964844,49105200
2022-08-24,392.1258850097656,413.6700134277344,415.1099853515625,411.3900146484375,412.1099853515625,49177800
2022-08-25,397.6617126464844,419.510009765625,419.55999755859375,414.0899963378906,415.239990234375,50942300
2022-08-26,384.2012023925781,405.30999755859375,419.9599914550781,405.25,419.3900146484375,103087000
2022-08-29,381.6607666015625,402.6300048828125,405.8399963378906,401.20001220703125,402.20001220703125,65370800
2022-08-30,377.4709777832031,398.2099914550781,404.1000061035156,396.0,403.8500061035156,85652400
2022-08-31,374.5987243652344,395.17999267578125,401.239990234375,395.0400085449219,399.92999267578125,76029700
2022-09-01,375.7741394042969,396.4200134277344,396.7799987792969,390.0400085449219,392.8900146484375,78740100
2022-09-02,371.8118591308594,392.239990234375,401.55999755859375,390.3299865722656,400.2799987792969,99632100
2022-09-06,370.40899658203125,390.760009765625,394.1199951171875,388.4200134277344,393.1300048828125,76637400
2022-09-07,377.06329345703125,397.7799987792969,398.5899963378906,390.20001220703125,390.42999267578125,70964200
2022-09-08,379.52789306640625,400.3800048828125,400.8599853515625,394.1199951171875,395.3900146484375,80821700
2022-09-09,385.4239807128906,406.6000061035156,407.510009765625,402.4599914550781,402.739990234375,76706900
2022-09-12,389.5663757324219,410.9700012207031,411.7300109863281,408.4599914550781,408.7799987792969,69256300
2022-09-13,372.6271057128906,393.1000061035156,403.1000061035156,391.9200134277344,401.8299865722656,122947100
2022-09-14,374.0489501953125,394.6000061035156,396.20001220703125,391.1199951171875,394.4700012207031,85023700
2022-09-15,369.8022766113281,390.1199951171875,395.9599914550781,388.7799987792969,392.9599914550781,87633800
2022-09-16,366.9810791015625,385.55999755859375,386.25,382.1099853515625,384.1400146484375,103084800
2022-09-19,369.8270568847656,388.54998779296875,388.54998779296875,382.17999267578125,382.260009765625,73278500
2022-09-20,365.5818786621094,384.0899963378906,386.1199951171875,381.20001220703125,385.05999755859375,77274900
2022-09-21,359.2048034667969,377.3900146484375,389.30999755859375,377.3800048828125,386.1099853515625,106746600
2022-09-22,356.1875,374.2200012207031,378.29998779296875,373.44000244140625,376.5799865722656,89472600
2022-09-23,350.2196960449219,367.95001220703125,370.6199951171875,363.2900085449219,370.5799865722656,122346900
2022-09-26,346.75506591796875,364.30999755859375,370.2099914550781,363.0299987792969,366.4100036621094,92581200
2022-09-27,345.869873046875,363.3800048828125,370.3999938964844,360.8699951171875,368.0199890136719,108294100
2022-09-28,352.6753234863281,370.5299987792969,372.29998779296875,362.6000061035156,364.3800048828125,110802200
2022-09-29,345.30828857421875,362.7900085449219,367.1099853515625,359.70001220703125,366.80999755859375,112952300
2022-09-30,339.9686279296875,357.17999267578125,365.9100036621094,357.0400085449219,361.79998779296875,153711200
2022-10-03,348.9442443847656,366.6099853515625,368.54998779296875,359.2099914550781,361.0799865722656,89756500
2022-10-04,359.7568054199219,377.9700012207031,378.0,366.57000732421875,372.3999938964844,103602800
2022-10-05,358.919189453125,377.0899963378906,379.4599914550781,370.95001220703125,373.3900146484375,88065700
2022-10-06,355.21673583984375,373.20001220703125,378.7200012207031,372.67999267578125,375.6199951171875,82333500
2022-10-07,345.30828857421875,362.7900085449219,373.2900085449219,360.94000244140625,368.9700012207031,107789500
2022-10-10,342.6718444824219,360.0199890136719,364.2099914550781,357.6700134277344,363.9599914550781,76042800
2022-10-11,340.5016784667969,357.739990234375,363.0299987792969,355.7099914550781,358.239990234375,92482800
2022-10-12,339.3785400390625,356.55999755859375,359.82000732421875,356.29998779296875,358.1700134277344,76991800
2022-10-13,348.3350524902344,365.9700012207031,367.510009765625,348.1099853515625,349.2099914550781,147254500
2022-10-14,340.3969421386719,357.6300048828125,370.260009765625,356.9599914550781,368.54998779296875,123737000
2022-10-17,349.1440734863281,366.82000732421875,367.9800109863281,357.2799987792969,364.010009765625,93168200
2022-10-18,353.24639892578125,371.1300048828125,375.45001220703125,367.5199890136719,375.1300048828125,97162900
2022-10-19,350.7431335449219,368.5,371.8500061035156,365.54998779296875,368.989990234375,79746900
2022-10-20,347.8020324707031,365.4100036621094,372.6700134277344,364.6099853515625,368.0299987792969,88283100
2022-10-21,356.2541809082031,374.2900085449219,374.79998779296875,363.5400085449219,365.1199951171875,131038400
2022-10-24,360.6134948730469,378.8699951171875,380.05999755859375,373.1099853515625,375.8900146484375,85436900
2022-10-25,366.3719482421875,384.9200134277344,385.25,378.6700134277344,378.7900085449219,78846300
2022-10-26,363.6116638183594,382.0199890136719,387.5799865722656,381.3500061035156,381.6199951171875,104087300
2022-10-27,361.669921875,379.9800109863281,385.0,379.3299865722656,383.07000732421875,81971800
2022-10-28,370.27435302734375,389.0199890136719,389.5199890136719,379.67999267578125,379.8699951171875,100302000
2022-10-31,367.5997619628906,386.2099914550781,388.3999938964844,385.260009765625,386.44000244140625,96631300
2022-11-01,365.9912109375,384.5199890136719,390.3900146484375,383.2900085449219,390.1400146484375,85407600
2022-11-02,356.8062438964844,374.8699951171875,388.6300048828125,374.760009765625,383.8999938964844,126990400
2022-11-03,353.13226318359375,371.010009765625,374.20001220703125,368.7900085449219,371.4700012207031,87100100
2022-11-04,358.2149353027344,376.3500061035156,378.8699951171875,370.0,377.0,103505200
2022-11-07,361.6414489746094,379.95001220703125,380.57000732421875,375.5299987792969,377.7099914550781,68286900
2022-11-08,363.59271240234375,382.0,385.1199951171875,377.7200012207031,381.1099853515625,84641100
2022-11-09,356.1018981933594,374.1300048828125,381.1400146484375,373.6099853515625,379.92999267578125,78495500
2022-11-10,375.671142578125,394.69000244140625,395.0400085449219,385.6400146484375,388.04998779296875,141455800
2022-11-11,379.3070983886719,398.510009765625,399.3500061035156,393.6099853515625,395.5899963378906,93839900
2022-11-14,376.0804443359375,395.1199951171875,400.17999267578125,394.8299865722656,396.6600036621094,71903500
2022-11-15,379.2879943847656,398.489990234375,402.30999755859375,394.489990234375,401.1499938964844,93194500
2022-11-16,376.39453125,395.45001220703125,397.7799987792969,394.7900085449219,396.7799987792969,68508500
2022-11-17,375.2427978515625,394.239990234375,394.95001220703125,390.1400146484375,390.4599914550781,74496300
2022-11-18,376.9465637207031,396.0299987792969,397.80999755859375,393.0400085449219,397.739990234375,92922500
2022-11-21,375.57598876953125,394.5899963378906,395.82000732421875,392.6600036621094,394.6400146484375,51243200
2022-11-22,380.6300964355469,399.8999938964844,400.07000732421875,395.1499938964844,396.6300048828125,60429000
2022-11-23,383.0287170410156,402.4200134277344,402.92999267578125,399.30999755859375,399.54998779296875,68261600
2022-11-25,382.9429931640625,402.3299865722656,402.9100036621094,401.5400085449219,401.8299865722656,30545400
2022-11-28,376.8323669433594,395.9100036621094,400.80999755859375,395.1099853515625,399.0899963378906,67881600
2022-11-29,376.18505859375,395.2300109863281,397.29998779296875,393.29998779296875,396.04998779296875,52310000
2022-11-30,388.0352478027344,407.67999267578125,407.67999267578125,393.4800109863281,395.489990234375,144566700
2022-12-01,387.7496643066406,407.3800048828125,410.0,404.75,408.7699890136719,76398200
2022-12-02,387.3023376464844,406.9100036621094,407.8599853515625,402.1400146484375,402.25,85342700
2022-12-05,380.3350524902344,399.5899963378906,404.92999267578125,398.1700134277344,403.95001220703125,77289800
2022-12-06,374.85260009765625,393.8299865722656,399.989990234375,391.6400146484375,399.4200134277344,77972200
2022-12-07,374.2148132324219,393.1600036621094,395.6400146484375,391.9700012207031,392.94000244140625,65927900
2022-12-08,377.146484375,396.239990234375,397.3599853515625,393.2699890136719,395.1400146484375,60737900
2022-12-09,374.3291320800781,393.2799987792969,397.6199951171875,393.1499938964844,394.94000244140625,81447700
2022-12-12,379.7257995605469,398.95001220703125,398.95001220703125,393.4100036621094,394.1099853515625,75405800
2022-12-13,382.6003112792969,401.9700012207031,410.489990234375,399.07000732421875,410.2200012207031,123782500
2022-12-14,380.1541748046875,399.3999938964844,405.5,396.30999755859375,401.6099853515625,108111300
2022-12-15,370.85491943359375,389.6300048828125,395.25,387.8900146484375,394.29998779296875,117705900
2022-12-16,366.47662353515625,383.2699890136719,386.5799865722656,381.0400085449219,385.17999267578125,119858000
2022-12-19,363.3689880371094,380.0199890136719,383.82000732421875,378.2799987792969,383.4700012207031,79878100
2022-12-20,363.8662109375,380.5400085449219,382.2300109863281,377.8500061035156,379.2300109863281,74427200
2022-12-21,369.3069763183594,386.2300109863281,387.4100036621094,382.69000244140625,383.25,78167400
2022-12-22,364.038330078125,380.7200012207031,386.2099914550781,374.7699890136719,383.04998779296875,100120900
2022-12-23,366.1323547363281,382.9100036621094,383.05999755859375,378.0299987792969,379.6499938964844,59857300
2022-12-27,364.68853759765625,381.3999938964844,383.1499938964844,379.6499938964844,382.7900085449219,51638200
2022-12-28,360.1562194824219,376.6600036621094,383.3900146484375,376.4200134277344,381.3299865722656,70911500
2022-12-29,366.6391296386719,383.44000244140625,384.3500061035156,379.0799865722656,379.6300048828125,66970900
2022-12-30,365.67340087890625,382.42999267578125,382.5799865722656,378.42999267578125,380.6400146484375,84022200
2023-01-03,364.13397216796875,380.82000732421875,386.42999267578125,377.8299865722656,384.3699951171875,74850700
2023-01-04,366.9451904296875,383.760009765625,385.8800048828125,380.0,383.17999267578125,85934100
2023-01-05,362.757080078125,379.3800048828125,381.8399963378906,378.760009765625,381.7200012207031,76970500
2023-01-06,371.0758056640625,388.0799865722656,389.25,379.4100036621094,382.6099853515625,104189600
2023-01-09,370.8654479980469,387.8599853515625,393.70001220703125,387.6700134277344,390.3699951171875,73978100
2023-01-10,373.46630859375,390.5799865722656,390.6499938964844,386.2699890136719,387.25,65358100
2023-01-11,378.1899108886719,395.5199890136719,395.6000061035156,391.3800048828125,392.2300109863281,68881100
2023-01-12,379.5667724609375,396.9599914550781,398.489990234375,392.4200134277344,396.6700134277344,90157700
2023-01-13,381.039306640625,398.5,399.1000061035156,393.3399963378906,393.6199951171875,63903900
2023-01-17,380.3412780761719,397.7699890136719,400.2300109863281,397.05999755859375,398.4800109863281,62677300
2023-01-18,374.33648681640625,391.489990234375,400.1199951171875,391.2799987792969,399.010009765625,99632300
2023-01-19,371.6113586425781,388.6400146484375,391.0799865722656,387.260009765625,389.3599853515625,86958900
2023-01-20,378.5340881347656,395.8800048828125,396.0400085449219,388.3800048828125,390.1000061035156,91806400
2023-01-23,383.0759582519531,400.6300048828125,402.6499938964844,395.7200012207031,396.7200012207031,84178800
2023-01-24,382.664794921875,400.20001220703125,401.1499938964844,397.6400146484375,398.8800048828125,59524900
2023-01-25,382.8082580566406,400.3500061035156,400.70001220703125,393.55999755859375,395.95001220703125,84800300
2023-01-26,387.0154724121094,404.75,404.9200134277344,400.0299987792969,403.1300048828125,72287400
2023-01-27,387.9046630859375,405.67999267578125,408.1600036621094,403.44000244140625,403.6600036621094,68346200
2023-01-30,383.0377502441406,400.5899963378906,405.1300048828125,400.2799987792969,402.79998779296875,74202000
2023-01-31,388.66961669921875,406.4800109863281,406.5299987792969,400.7699890136719,401.1300048828125,86811800
2023-02-01,392.80029296875,410.79998779296875,413.6700134277344,402.3500061035156,405.2099914550781,101459200
2023-02-02,398.5183410644531,416.7799987792969,418.30999755859375,412.8800048828125,414.8599853515625,101654500
2023-02-03,394.28240966796875,412.3500061035156,416.9700012207031,411.0899963378906,411.5899963378906,94736800
2023-02-06,391.8728942871094,409.8299865722656,411.2900085449219,408.1000061035156,409.7900085449219,60295300
2023-02-07,396.9980163574219,415.19000244140625,416.489990234375,407.57000732421875,408.8699951171875,90990700
2023-02-08,392.65692138671875,410.6499938964844,414.5299987792969,409.92999267578125,413.1300048828125,76227500
2023-02-09,389.2528991699219,407.0899963378906,414.57000732421875,405.80999755859375,414.4100036621094,78694900
2023-02-10,390.16131591796875,408.0400085449219,408.44000244140625,405.010009765625,405.8599853515625,70769700
2023-02-13,394.7414245605469,412.8299865722656,412.9700012207031,408.239990234375,408.7200012207031,64913500
2023-02-14,394.5597839355469,412.6400146484375,415.04998779296875,408.510009765625,411.239990234375,88389300
2023-02-15,395.8409729003906,413.9800109863281,414.05999755859375,409.4700012207031,410.3500061035156,61555700
2023-02-16,390.3907165527344,408.2799987792969,412.9100036621094,408.1400146484375,408.7900085449219,76431500
2023-02-17,389.4154968261719,407.260009765625,407.510009765625,404.04998779296875,406.05999755859375,89257800
2023-02-21,381.60345458984375,399.0899963378906,404.1600036621094,398.82000732421875,403.05999755859375,82655900
2023-02-22,381.07757568359375,398.5400085449219,401.1300048828125,397.0199890136719,399.5199890136719,83742300
2023-02-23,383.1046447753906,400.6600036621094,402.20001220703125,396.25,401.55999755859375,96242400
2023-02-24,379.0121765136719,396.3800048828125,397.25,393.6400146484375,395.4200134277344,108194400
2023-02-27,380.3031005859375,397.7300109863281,401.2900085449219,396.75,399.8699951171875,80444700
2023-02-28,378.8974304199219,396.260009765625,399.2799987792969,396.1499938964844,397.2300109863281,96438600
2023-03-01,377.4440002441406,394.739990234375,396.69000244140625,393.3800048828125,395.4100036621094,99706800
2023-03-02,380.37957763671875,397.80999755859375,398.69000244140625,392.3299865722656,392.67999267578125,85127800
2023-03-03,386.4799499511719,404.19000244140625,404.45001220703125,399.0299987792969,399.7099914550781,90120000
2023-03-06,386.74774169921875,404.4700012207031,407.45001220703125,404.010009765625,405.04998779296875,72795900
2023-03-07,380.8193359375,398.2699890136719,404.6700134277344,397.6300048828125,404.4200134277344,108310600
2023-03-08,381.4409484863281,398.9200134277344,399.7099914550781,396.5899963378906,398.3900146484375,74746600
2023-03-09,374.40338134765625,391.55999755859375,401.4800109863281,390.5299987792969,399.739990234375,111945300
2023-03-10,369.0009460449219,385.9100036621094,393.1600036621094,384.32000732421875,390.989990234375,189253000
2023-03-13,368.4749755859375,385.3599853515625,390.3900146484375,380.6499938964844,381.80999755859375,157790000
2023-03-14,374.5658874511719,391.7300109863281,393.45001220703125,387.04998779296875,390.5,149752400
2023-03-15,372.2232666015625,389.2799987792969,389.489990234375,383.7099914550781,385.8900146484375,172996900
2023-03-16,378.7540283203125,396.1099853515625,396.4700012207031,386.2900085449219,386.82000732421875,143254200
2023-03-17,374.3253479003906,389.989990234375,394.3999938964844,388.54998779296875,393.2200012207031,140553400
2023-03-20,377.92474365234375,393.739990234375,394.1700134277344,390.07000732421875,390.79998779296875,93055800
2023-03-21,382.8871154785156,398.9100036621094,399.4100036621094,395.5799865722656,397.239990234375,91524200
2023-03-22,376.3602294921875,392.1099853515625,402.489990234375,392.07000732421875,398.7300109863281,111746600
2023-03-23,377.37762451171875,393.1700134277344,399.2900085449219,390.3500061035156,395.0899963378906,119351300
2023-03-24,379.8538818359375,395.75,395.8399963378906,389.3999938964844,391.8399963378906,107682400
2023-03-27,380.56427001953125,396.489990234375,398.9200134277344,395.55999755859375,398.1199951171875,74010400
2023-03-28,379.7100524902344,395.6000061035156,396.489990234375,393.69000244140625,395.7699890136719,62871700
2023-03-29,385.22906494140625,401.3500061035156,401.6000061035156,398.67999267578125,399.92999267578125,77497900
2023-03-30,387.4846496582031,403.70001220703125,404.3500061035156,401.760009765625,404.0899963378906,69840000
2023-03-31,392.94610595703125,409.3900146484375,409.70001220703125,404.54998779296875,404.6600036621094,112062600
2023-04-03,394.4435119628906,410.95001220703125,411.3699951171875,408.44000244140625,408.8500061035156,67391100
2023-04-04,392.2550964355469,408.6700134277344,411.9200134277344,407.239990234375,411.6199951171875,66601500
2023-04-05,391.2279968261719,407.6000061035156,408.70001220703125,405.8800048828125,407.9100036621094,65200200
2023-04-06,392.75421142578125,409.19000244140625,409.4800109863281,405.67999267578125,406.7699890136719,63743300
2023-04-10,393.1572570800781,409.6099853515625,409.69000244140625,405.9700012207031,406.6099853515625,63681000
2023-04-11,393.2629089355469,409.7200012207031,411.17999267578125,408.9200134277344,410.260009765625,59297900
2023-04-12,391.659912109375,408.04998779296875,412.1700134277344,407.44000244140625,411.8699951171875,86420400
2023-04-13,396.86224365234375,413.4700012207031,413.8399963378906,407.989990234375,409.17999267578125,85814800
2023-04-14,395.8927917480469,412.4599914550781,415.0899963378906,410.05999755859375,412.80999755859375,78161500
2023-04-17,397.3133544921875,413.94000244140625,413.9599914550781,411.0899963378906,412.3699951171875,66436400
2023-04-18,397.572509765625,414.2099914550781,415.7200012207031,412.7799987792969,415.5799865722656,63560000
2023-04-19,397.5053405761719,414.1400146484375,415.0799865722656,412.1600036621094,412.2200012207031,55227300
2023-04-20,395.3360595703125,411.8800048828125,413.70001220703125,410.2699890136719,411.2099914550781,75840400
2023-04-21,395.64324951171875,412.20001220703125,412.67999267578125,410.1700134277344,412.19000244140625,73457400
2023-04-24,396.0560302734375,412.6300048828125,413.07000732421875,410.6000061035156,411.989990234375,64332100
2023-04-25,389.76904296875,406.0799865722656,411.1600036621094,406.0199890136719,410.5799865722656,97766700
2023-04-26,388.1181640625,404.3599853515625,407.8399963378906,403.7799987792969,406.7200012207031,80447000
2023-04-27,395.8448181152344,412.4100036621094,412.69000244140625,406.739990234375,407.0,92968400
2023-04-28,399.223388671875,415.92999267578125,415.94000244140625,411.42999267578125,411.489990234375,89433100
2023-05-01,398.82037353515625,415.510009765625,417.6199951171875,415.2699890136719,415.4700012207031,62122300
2023-05-02,394.3378601074219,410.8399963378906,414.82000732421875,407.82000732421875,414.7699890136719,103998500
2023-05-03,391.6311950683594,408.0199890136719,413.8699951171875,407.7699890136719,411.3599853515625,91531800
2023-05-04,388.8572082519531,405.1300048828125,407.2699890136719,403.739990234375,406.92999267578125,94901900
2023-05-05,396.0560302734375,412.6300048828125,413.7200012207031,408.6400146484375,408.9100036621094,87891800
2023-05-08,396.1615295410156,412.739990234375,413.239990234375,411.2799987792969,412.9700012207031,50046800
2023-05-09,394.4243469238281,410.92999267578125,412.0899963378906,410.69000244140625,411.1300048828125,49220100
2023-05-10,396.2670593261719,412.8500061035156,414.5400085449219,408.8699951171875,413.8800048828125,96142900
2023-05-11,395.57611083984375,412.1300048828125,412.42999267578125,409.9700012207031,411.95001220703125,70157100
2023-05-12,395.0577392578125,411.5899963378906,413.6400146484375,409.07000732421875,413.4200134277344,70481500
2023-05-15,396.4206237792969,413.010009765625,413.42999267578125,410.2300109863281,412.2200012207031,54289400
2023-05-16,393.7716369628906,410.25,412.82000732421875,410.239990234375,411.8599853515625,57705500
2023-05-17,398.55157470703125,415.2300109863281,415.8599853515625,410.6400146484375,412.3500061035156,87287000
2023-05-18,402.3908996582031,419.2300109863281,419.6700134277344,414.6700134277344,414.8999938964844,97177200
2023-05-19,401.80535888671875,418.6199951171875,420.7200012207031,417.3500061035156,420.1700134277344,103793300
2023-05-22,401.9685363769531,418.7900085449219,420.3900146484375,417.3500061035156,418.6400146484375,60745400
2023-05-23,397.4573669433594,414.0899963378906,418.7200012207031,413.67999267578125,417.0799865722656,86383500
2023-05-24,394.57781982421875,411.0899963378906,412.82000732421875,409.8800048828125,412.4200134277344,89213700
2023-05-25,397.99481201171875,414.6499938964844,416.1600036621094,412.4100036621094,414.739990234375,90961600
2023-05-26,403.149169921875,420.0199890136719,420.7699890136719,415.25,415.3299865722656,93830000
2023-05-30,403.30267333984375,420.17999267578125,422.5799865722656,418.739990234375,422.0299987792969,72216000
2023-05-31,401.0663146972656,417.8500061035156,419.2200012207031,416.2200012207031,418.2799987792969,110811800
2023-06-01,404.8768310546875,421.82000732421875,422.9200134277344,416.7900085449219,418.0899963378906,88865000
2023-06-02,410.73187255859375,427.9200134277344,428.739990234375,423.95001220703125,424.5,91426200
2023-06-05,409.9447326660156,427.1000061035156,429.6199951171875,426.3699951171875,428.2799987792969,65460200
2023-06-06,410.8374328613281,428.0299987792969,428.5799865722656,425.989990234375,426.6700134277344,64022200
2023-06-07,409.4168395996094,426.54998779296875,429.6199951171875,426.1099853515625,428.44000244140625,85373300
2023-06-08,411.89324951171875,429.1300048828125,429.6000061035156,425.82000732421875,426.6199951171875,61952800
2023-06-09,412.63232421875,429.8999938964844,431.989990234375,428.8699951171875,429.9599914550781,85742800
2023-06-12,416.3756103515625,433.79998779296875,433.8800048828125,430.1700134277344,430.9200134277344,76104300
2023-06-13,419.12078857421875,436.6600036621094,437.3299865722656,434.6300048828125,435.32000732421875,95899700
2023-06-14,419.619873046875,437.17999267578125,439.05999755859375,433.5899963378906,437.010009765625,100612100
2023-06-15,424.8221740722656,442.6000061035156,443.8999938964844,436.2300109863281,436.3299865722656,110303100
2023-06-16,423.3751525878906,439.4599914550781,443.6099853515625,438.9700012207031,443.0199890136719,114165800
2023-06-20,421.1786804199219,437.17999267578125,438.3699951171875,435.0299987792969,437.45001220703125,76160400
2023-06-21,419.02056884765625,434.94000244140625,436.989990234375,434.3299865722656,436.1600036621094,76982300
2023-06-22,420.5331115722656,436.510009765625,436.6199951171875,433.6000061035156,433.95001220703125,70637200
2023-06-23,417.3539123535156,433.2099914550781,435.05999755859375,432.4700012207031,432.92999267578125,92074500
2023-06-26,415.6487121582031,431.44000244140625,434.6099853515625,431.19000244140625,432.6199951171875,72823600
2023-06-27,420.2055969238281,436.1700134277344,436.80999755859375,431.8800048828125,432.3500061035156,72813700
2023-06-28,420.4175109863281,436.3900146484375,437.44000244140625,434.4100036621094,435.04998779296875,75636000
2023-06-29,422.0746154785156,438.1099853515625,438.2799987792969,435.5400085449219,435.9599914550781,67882300
2023-06-30,427.0553283691406,443.2799987792969,444.29998779296875,441.1099853515625,441.44000244140625,104964000
2023-07-03,427.546630859375,443.7900085449219,444.0799865722656,442.6300048828125,442.9200134277344,32793400
2023-07-05,426.9107666015625,443.1300048828125,443.8900146484375,441.8999938964844,441.9100036621094,58418400
2023-07-06,423.56781005859375,439.6600036621094,440.1000061035156,437.05999755859375,439.4200134277344,80658300
2023-07-07,422.4984436035156,438.54998779296875,442.6400146484375,438.29998779296875,438.6300048828125,86134200
2023-07-10,423.56781005859375,439.6600036621094,439.8399963378906,437.5899963378906,438.17999267578125,62443500
2023-07-11,426.265380859375,442.4599914550781,442.9700012207031,439.44000244140625,440.45001220703125,64463800
2023-07-12,429.6950378417969,446.0199890136719,447.4800109863281,444.9100036621094,446.3900146484375,91924500
2023-07-13,433.1054382324219,449.55999755859375,450.3800048828125,447.45001220703125,447.8999938964844,72425200
2023-07-14,432.8357238769531,449.2799987792969,451.3599853515625,448.489990234375,450.4800109863281,69815800
2023-07-17,434.338623046875,450.8399963378906,451.92999267578125,449.0799865722656,449.1300048828125,52680200
2023-07-18,437.5660095214844,454.19000244140625,454.8599853515625,450.04998779296875,450.5,80668200
2023-07-19,438.5390625,455.20001220703125,456.42999267578125,454.1099853515625,455.010009765625,65891700
2023-07-20,435.629638671875,452.17999267578125,455.1000061035156,451.44000244140625,454.1700134277344,70591600
2023-07-21,435.629638671875,452.17999267578125,454.1700134277344,452.1700134277344,453.9599914550781,71275600
2023-07-24,437.5756530761719,454.20001220703125,455.0400085449219,452.29998779296875,453.3699951171875,54023400
2023-07-25,438.770263671875,455.44000244140625,456.739990234375,453.8699951171875,453.9200134277344,55191200
2023-07-26,438.8376770019531,455.510009765625,456.989990234375,453.3800048828125,454.4700012207031,71052900
2023-07-27,435.92822265625,452.489990234375,459.44000244140625,451.54998779296875,459.0199890136719,92194400
2023-07-28,440.1961364746094,456.9200134277344,457.7799987792969,452.489990234375,455.8800048828125,80011800
2023-07-31,441.0342102050781,457.7900085449219,458.1600036621094,456.04998779296875,457.4100036621094,62040400
2023-08-01,439.77215576171875,456.4800109863281,457.25,455.489990234375,456.2699890136719,55291500
2023-08-02,433.6546630859375,450.1300048828125,453.5199890136719,449.3500061035156,453.25,93933400
2023-08-03,432.4118347167969,448.8399963378906,450.7900085449219,447.3699951171875,448.0400085449219,64276100
2023-08-04,430.45611572265625,446.80999755859375,452.8999938964844,446.2699890136719,450.7200012207031,100128900
2023-08-07,434.2133483886719,450.7099914550781,450.8699951171875,447.989990234375,448.7099914550781,58357500
2023-08-08,432.3251647949219,448.75,450.70001220703125,445.2699890136719,448.0799865722656,71361300
2023-08-09,429.4349365234375,445.75,449.20001220703125,444.9599914550781,449.0299987792969,78789600
2023-08-10,429.5890808105469,445.9100036621094,451.70001220703125,444.70001220703125,448.19000244140625,93005500
2023-08-11,429.33856201171875,445.6499938964844,446.70001220703125,443.3500061035156,443.9700012207031,68690900
2023-08-14,431.70855712890625,448.1099853515625,448.1099853515625,444.3800048828125,444.70001220703125,47867400
2023-08-15,426.6795959472656,442.8900146484375,446.6400146484375,442.29998779296875,446.2699890136719,75707500
2023-08-16,423.548583984375,439.6400146484375,444.17999267578125,439.5299987792969,442.4599914550781,80107200
2023-08-17,420.3211669921875,436.2900085449219,441.42999267578125,435.75,441.1600036621094,95711300
2023-08-18,420.52349853515625,436.5,437.57000732421875,433.010009765625,433.3699951171875,98852000
2023-08-21,423.2595520019531,439.3399963378906,440.1099853515625,435.32000732421875,437.54998779296875,68719000
2023-08-22,422.1130676269531,438.1499938964844,441.17999267578125,437.57000732421875,441.17999267578125,64994200
2023-08-23,426.814453125,443.0299987792969,443.6700134277344,439.1000061035156,439.25,68441000
2023-08-24,420.89923095703125,436.8900146484375,445.2200012207031,436.8599853515625,444.69000244140625,88517300
2023-08-25,423.8664855957031,439.9700012207031,441.29998779296875,435.0,438.67999267578125,102325100
2023-08-28,426.554443359375,442.760009765625,443.3999938964844,439.9700012207031,442.239990234375,61595400
2023-08-29,432.7200927734375,449.1600036621094,449.45001220703125,442.4599914550781,442.6499938964844,83081900
2023-08-30,434.5024108886719,451.010009765625,451.6700134277344,448.7799987792969,449.510009765625,69053900
2023-08-31,433.8666076660156,450.3500061035156,452.8299865722656,450.1600036621094,451.6499938964844,66084600
2023-09-01,434.6758117675781,451.19000244140625,453.6700134277344,449.67999267578125,453.1700134277344,58944100
2023-09-05,432.7972412109375,449.239990234375,451.05999755859375,449.1700134277344,450.7300109863281,55166200
2023-09-06,429.88775634765625,446.2200012207031,448.510009765625,443.80999755859375,448.3999938964844,70758500
2023-09-07,428.5678405761719,444.8500061035156,445.54998779296875,442.75,443.1099853515625,70355400
2023-09-08,429.21337890625,445.5199890136719,447.1099853515625,444.5299987792969,444.8999938964844,61659700
2023-09-11,432.0361328125,448.45001220703125,448.7699890136719,446.4700012207031,448.239990234375,60180100
2023-09-12,429.6661376953125,445.989990234375,448.5299987792969,445.3900146484375,446.95001220703125,67565400
2023-09-13,430.1671142578125,446.510009765625,447.7099914550781,445.0799865722656,446.2200012207031,60199300
2023-09-14,433.8761901855469,450.3599853515625,451.0799865722656,447.7200012207031,449.07000732421875,83430800
2023-09-15,428.6487121582031,443.3699951171875,447.4800109863281,442.9200134277344,447.1400146484375,111848900
2023-09-18,428.9001159667969,443.6300048828125,444.9700012207031,442.55999755859375,443.04998779296875,55752200
2023-09-19,428.0106506347656,442.7099914550781,443.2900085449219,439.94000244140625,442.67999267578125,66514600
2023-09-20,424.0758056640625,438.6400146484375,444.44000244140625,438.42999267578125,444.010009765625,82562600
2023-09-21,417.0664978027344,431.3900146484375,435.9700012207031,431.2300109863281,435.70001220703125,104095800
2023-09-22,416.1286926269531,430.4200134277344,434.1000061035156,429.989990234375,432.45001220703125,100829700
2023-09-25,417.87860107421875,432.2300109863281,432.2699890136719,428.7200012207031,429.1700134277344,70874500
2023-09-26,411.73944091796875,425.8800048828125,429.82000732421875,425.0199890136719,429.0899963378906,96168400
2023-09-27,411.9037780761719,426.04998779296875,427.6700134277344,422.2900085449219,427.0899963378906,104705800
2023-09-28,414.2917785644531,428.5199890136719,430.25,424.8699951171875,425.4800109863281,92258300
2023-09-29,413.2862854003906,427.4800109863281,431.8500061035156,425.9100036621094,431.6700134277344,115111300
2023-10-02,413.1219787597656,427.30999755859375,428.6000061035156,424.4599914550781,426.6199951171875,83798600
2023-10-03,407.5918884277344,421.5899963378906,427.3699951171875,420.17999267578125,425.05999755859375,103760600
2023-10-04,410.5599365234375,424.6600036621094,425.42999267578125,420.55999755859375,422.07000732421875,87453000
2023-10-05,410.40521240234375,424.5,425.3699951171875,421.1700134277344,424.3599853515625,70142700
2023-10-06,415.27789306640625,429.5400085449219,431.1300048828125,420.6000061035156,421.9700012207031,113273300
2023-10-09,417.93658447265625,432.2900085449219,432.8800048828125,427.010009765625,427.5799865722656,80374400
2023-10-10,420.1119079589844,434.5400085449219,437.2200012207031,432.5299987792969,432.94000244140625,78607300
2023-10-11,421.8327941894531,436.32000732421875,436.5799865722656,433.17999267578125,435.6400146484375,62451700
2023-10-12,419.2611083984375,433.6600036621094,437.3399963378906,431.2300109863281,436.95001220703125,81154200
2023-10-13,417.1728210449219,431.5,436.45001220703125,429.8800048828125,435.2099914550781,95143100
2023-10-16,421.5621337890625,436.0400085449219,437.1400146484375,433.57000732421875,433.82000732421875,75433200
2023-10-17,421.5427551269531,436.0199890136719,438.1400146484375,432.45001220703125,432.80999755859375,75324700
2023-10-18,415.9256286621094,430.2099914550781,435.17999267578125,429.0899963378906,434.19000244140625,93559800
2023-10-19,412.2712097167969,426.42999267578125,432.82000732421875,425.7300109863281,430.95001220703125,121323000
2023-10-20,407.2052001953125,421.19000244140625,426.5400085449219,421.0799865722656,425.9800109863281,123919900
2023-10-23,406.4993896484375,420.4599914550781,424.45001220703125,417.79998779296875,419.6099853515625,92035100
2023-10-24,409.5641784667969,423.6300048828125,424.82000732421875,420.739990234375,422.6499938964844,78564200
2023-10-25,403.68597412109375,417.54998779296875,421.9200134277344,417.0199890136719,421.8900146484375,94223200
2023-10-26,398.85198974609375,412.54998779296875,417.3299865722656,411.6000061035156,416.45001220703125,115156800
2023-10-27,397.04412841796875,410.67999267578125,414.6000061035156,409.2099914550781,414.19000244140625,107367700
2023-10-30,401.7911071777344,415.5899963378906,416.67999267578125,412.2200012207031,413.55999755859375,86562700
2023-10-31,404.3144836425781,418.20001220703125,418.5299987792969,414.2099914550781,416.17999267578125,79665200
2023-11-01,408.6263122558594,422.6600036621094,423.5,418.6499938964844,419.20001220703125,98068100
2023-11-02,416.4574279785156,430.760009765625,430.9200134277344,426.55999755859375,426.5799865722656,94938900
2023-11-03,420.2569274902344,434.69000244140625,436.2900085449219,433.010009765625,433.1400146484375,100167800
2023-11-06,421.22369384765625,435.69000244140625,436.1499938964844,433.67999267578125,435.4700012207031,67831700
2023-11-07,422.4225158691406,436.92999267578125,437.5899963378906,434.510009765625,435.69000244140625,64256100
2023-11-08,422.73193359375,437.25,438.0899963378906,434.8699951171875,437.54998779296875,61746000
2023-11-09,419.4351806640625,433.8399963378906,438.4700012207031,433.3999938964844,438.42999267578125,83174400
2023-11-10,425.9803161621094,440.6099853515625,440.92999267578125,433.8299865722656,435.9800109863281,89462200
2023-11-13,425.5743408203125,440.19000244140625,441.3299865722656,438.4200134277344,439.2300109863281,52236100
2023-11-14,433.83074951171875,448.7300109863281,450.05999755859375,446.0899963378906,446.32000732421875,97176900
2023-11-15,434.74920654296875,449.67999267578125,451.3800048828125,448.79998779296875,450.1099853515625,77327600
2023-11-16,435.2809143066406,450.2300109863281,450.55999755859375,448.1199951171875,449.2200012207031,66665800
2023-11-17,435.8223571777344,450.7900085449219,451.4200134277344,449.2900085449219,450.239990234375,83133200
2023-11-20,439.1771240234375,454.260009765625,455.1300048828125,450.5199890136719,450.5299987792969,69936200
2023-11-21,438.219970703125,453.2699890136719,454.1300048828125,451.9599914550781,453.17999267578125,49244600
2023-11-22,439.9118347167969,455.0199890136719,456.3800048828125,453.8900146484375,454.9800109863281,59394900
2023-11-24,440.1825866699219,455.29998779296875,455.5,454.7300109863281,455.07000732421875,29737400
2023-11-27,439.389892578125,454.4800109863281,455.489990234375,454.0799865722656,454.6499938964844,50506000
2023-11-28,439.8248596191406,454.92999267578125,456.2699890136719,453.5,454.0799865722656,62115000
2023-11-29,439.5154724121094,454.6099853515625,458.32000732421875,454.20001220703125,457.1499938964844,63146000
2023-11-30,441.2460021972656,456.3999938964844,456.760009765625,453.3399963378906,455.4800109863281,79752700
2023-12-01,443.8564453125,459.1000061035156,459.6499938964844,455.1600036621094,455.7699890136719,89183400
2023-12-04,441.5264587402344,456.69000244140625,459.1199951171875,454.3399963378906,455.6000061035156,72430900
2023-12-05,441.4394226074219,456.6000061035156,457.5899963378906,454.8699951171875,455.260009765625,69793500
2023-12-06,439.6605529785156,454.760009765625,458.8399963378906,454.30999755859375,458.80999755859375,69124700
2023-12-07,443.0153503417969,458.2300109863281,458.8999938964844,456.2900085449219,456.9100036621094,66995400
2023-12-08,444.919921875,460.20001220703125,460.75,457.2099914550781,457.4599914550781,83194400
2023-12-11,446.6504821777344,461.989990234375,462.1700134277344,459.4700012207031,459.69000244140625,65002200
2023-12-12,448.6904296875,464.1000061035156,464.20001220703125,460.6000061035156,461.6300048828125,68327600
2023-12-13,454.87786865234375,470.5,470.760009765625,464.1199951171875,464.489990234375,93278000
2023-12-14,456.33770751953125,472.010009765625,473.7300109863281,469.25,472.5,119026000
2023-12-15,455.5863952636719,469.3299865722656,470.70001220703125,467.42999267578125,469.489990234375,141553700
2023-12-18,458.1491394042969,471.9700012207031,472.9800109863281,469.8900146484375,470.9800109863281,70375300
2023-12-19,460.93505859375,474.8399963378906,474.9200134277344,472.45001220703125,472.5299987792969,55761800
2023-12-20,454.54779052734375,468.260009765625,475.8999938964844,467.82000732421875,473.9599914550781,102921000
2023-12-21,458.8577575683594,472.70001220703125,472.9800109863281,468.8399963378906,471.3299865722656,86667500
2023-12-22,459.7799377441406,473.6499938964844,475.3800048828125,471.70001220703125,473.8599853515625,67160400
2023-12-26,461.72137451171875,475.6499938964844,476.5799865722656,473.989990234375,474.07000732421875,55387000
2023-12-27,462.5561828613281,476.510009765625,476.6600036621094,474.8900146484375,475.44000244140625,68000300
2023-12-28,462.7309265136719,476.69000244140625,477.54998779296875,476.260009765625,476.8800048828125,77158100
2023-12-29,461.391357421875,475.30999755859375,477.0299987792969,473.29998779296875,476.489990234375,122283100
